Workbook

Sheet 설명
A1: NPU vs CPU 후처리 비교 (v5det 실험) — 컬럼/시트 설명
A3: 실험 | B3: Detection 모델(YOLOv5) 후처리(NMS)를 NPU(neural core, engine=nn_core/auto, yolov5xs_wo_spp_nms_core.hef)에서 vs CPU(host, engine=cpu, yolov5xs_wo_spp.hef)에서 돌렸을 때 차이 비교. Segmentation/Pose는 두 조건 다 YOLOv8 CPU 후처리 그대로(이 아키텍처엔 NPU 후처리 옵션 자체가 없음).
A4: 조합 | B4: det / det_seg / det_pose / det_seg_pose 4가지 (Detection은 실험 축이라 항상 켜둠), 각 3회 반복이 목표지만 세그폴트 재시도 로직 때문에 det 조합은 CSV 행이 18개까지 쌓임(전부 유효한 반복 측정값 — 그중 hrtt 트레이스가 붙은 건 3개뿐).
A5: postprocess_engine / combo | B5: '전체' 시트에 원본 CSV엔 없던 두 컬럼을 앞에 추가해 구분용으로 씀.
A7: [중요] HRTT 트레이스 길이 관련 주의사항
A8: HAILO_TRACE_TIME_IN_SECONDS_BOUNDED_DUMP 환경변수 값을 처음엔 90 -> 30 -> 3으로 낮춰가며 재수집했다. 실기로 직접 확인한 결과 이 값은 '그 시점까지 전체 누적'이 아니라 '최근 N초 구간만 덤프'하는 방식으로 보인다(det 단독 트레이스의 hrtt_run_time_sec가 실제 실행시간 9.6초가 아니라 설정값과 비슷한 2.8~2.9초로 나옴). 그 결과: - det_seg_pose 조합(3개 값 다 최초 30/90 설정으로 수집됨, 실제 실행시간 ~90~100초에 근접한 구간을 담고 있어 상대적으로 대표성이 높음) - det / det_seg / det_pose 조합(이번에 3초 설정으로 새로 수집, 전체 실행시간 중 최근 ~2.8초 구간만 반영 — 표본이 훨씬 작음) 따라서 avg_fps_det / avg_latency_det / max_latency_det / activation_det 등 'hrtt 기반' 컬럼은 조합마다 대표하는 시간 구간 길이가 다르다는 점을 감안해서 봐야 한다. 반대로 det_latency_ms / seg_latency_ms / pose_latency_ms / cpu_percent / postprocess_ms_* / total_time_ms_* 컬럼은 앱이 673장 전체를 처리하면서 직접 측정한 값이라 이 트레이스 길이 이슈와 무관하게 항상 전체 실행 기준이다 — 조합 간 1차 비교는 이 쪽을 기준으로 하는 게 안전하다.
A10: det/seg/pose_latency_ms | B10: 모델별 평균 추론 latency(HailoRT vstream write→read 왕복시간, ms). 큐 대기시간까지 포함 — 항상 673장 전체 기준(트레이스 길이 이슈 없음).
A11: cpu_percent / mem_percent | B11: 실행 구간 전체 호스트 CPU/메모리 사용률(%).
A12: npu_percent | B12: hrtt 트레이스의 모델별 device_usage_pct 합으로 채움(외부 폴링 스크립트가 이 실기 환경에서 샘플을 못 얻어서 대체). '어떤 모델이든 NPU를 쓰고 있던 비율' 추정치.
A13: avg_fps_*/avg_latency_*/max_latency_*/activation_* | B13: hrtt 트레이스 기반 — 위 caveat 참고, 조합별로 반영하는 시간 구간 길이가 다름.
A14: switches_per_s / idle_time_pct | B14: hrtt 트레이스 전체 기준 글로벌 지표(스케줄러 코어옵 전환 빈도, 유휴비율).
A15: postprocess_ms_* / total_time_ms_* / avg_preprocess_ms_* | B15: 장당 평균, 앱이 직접 측정(673장 전체 기준).
A16: n_total_rows / n_hrtt_rows | B16: '케이스별_평균' 시트에서 추가한 컬럼 — 그 (엔진,조합)에 CSV 행이 몇 개 있는지 / 그중 hrtt 트레이스가 매칭된 게 몇 개인지.

Sheet 전체
A1: postprocess_engine | B1: combo | C1: run_id | D1: use_det | E1: use_seg | F1: use_pose | G1: batch_det | H1: batch_seg | I1: batch_pose | J1: threshold_det | K1: threshold_seg | L1: threshold_pose | M1: timeout_ms | N1: priority_det | O1: priority_seg | P1: priority_pose | Q1: det_latency_ms | R1: seg_latency_ms | S1: pose_latency_ms | T1: cpu_percent | U1: mem_percent | V1: voluntary_ctx_switches | W1: nonvoluntary_ctx_switches | X1: npu_percent | Y1: switches_per_s | Z1: idle_time_pct | AA1: run_time_s | AB1: avg_fps_det | AC1: avg_latency_det | AD1: max_latency_det | AE1: activation_det | AF1: avg_fps_seg | AG1: avg_latency_seg | AH1: max_latency_seg | AI1: activation_seg | AJ1: avg_fps_pose | AK1: avg_latency_pose | AL1: max_latency_pose | AM1: activation_pose | AN1: total_time_det_s | AO1: total_time_seg_s | AP1: total_time_pose_s | AQ1: avg_preprocess_ms_det | AR1: avg_preprocess_ms_seg | AS1: avg_preprocess_ms_pose | AT1: postprocess_ms_det | AU1: postprocess_ms_seg | AV1: postprocess_ms_pose | AW1: total_time_ms_det | AX1: total_time_ms_seg | AY1: total_time_ms_pose
A2: NPU | B2: det | C2: 1 | D2: 1 | E2: 0 | F2: 0 | G2: 1 | H2: 1 | I2: 1 | J2: 1 | K2: 1 | L2: 1 | M2: 0 | N2: 0 | O2: 0 | P2: 0 | Q2: 152.881 | R2: NaN | S2: NaN | T2: 23.3098 | U2: 20.4009 | V2: 1336 | W2: 748 | X2: NaN | Y2: NaN | Z2: NaN | AA2: 9.62532 | AB2: NaN | AC2: NaN | AD2: NaN | AE2: NaN | AF2: NaN | AG2: NaN | AH2: NaN | AI2: NaN | AJ2: NaN | AK2: NaN | AL2: NaN | AM2: NaN | AN2: 9.6129 | AO2: NaN | AP2: NaN | AQ2: 4.91882 | AR2: NaN | AS2: NaN | AT2: 0.0110146 | AU2: NaN | AV2: NaN | AW2: 157.81 | AX2: NaN | AY2: NaN
A3: NPU | B3: det | C3: 2 | D3: 1 | E3: 0 | F3: 0 | G3: 1 | H3: 1 | I3: 1 | J3: 1 | K3: 1 | L3: 1 | M3: 0 | N3: 0 | O3: 0 | P3: 0 | Q3: 152.921 | R3: NaN | S3: NaN | T3: 22.6509 | U3: 20.1188 | V3: 1337 | W3: 760 | X3: NaN | Y3: NaN | Z3: NaN | AA3: 9.62351 | AB3: NaN | AC3: NaN | AD3: NaN | AE3: NaN | AF3: NaN | AG3: NaN | AH3: NaN | AI3: NaN | AJ3: NaN | AK3: NaN | AL3: NaN | AM3: NaN | AN3: 9.61139 | AO3: NaN | AP3: NaN | AQ3: 4.81591 | AR3: NaN | AS3: NaN | AT3: 0.00992016 | AU3: NaN | AV3: NaN | AW3: 157.747 | AX3: NaN | AY3: NaN
A4: NPU | B4: det | C4: 3 | D4: 1 | E4: 0 | F4: 0 | G4: 1 | H4: 1 | I4: 1 | J4: 1 | K4: 1 | L4: 1 | M4: 0 | N4: 0 | O4: 0 | P4: 0 | Q4: 152.94 | R4: NaN | S4: NaN | T4: 22.8834 | U4: 19.8167 | V4: 1336 | W4: 661 | X4: NaN | Y4: NaN | Z4: NaN | AA4: 9.6242 | AB4: NaN | AC4: NaN | AD4: NaN | AE4: NaN | AF4: NaN | AG4: NaN | AH4: NaN | AI4: NaN | AJ4: NaN | AK4: NaN | AL4: NaN | AM4: NaN | AN4: 9.6121 | AO4: NaN | AP4: NaN | AQ4: 4.88137 | AR4: NaN | AS4: NaN | AT4: 0.0102496 | AU4: NaN | AV4: NaN | AW4: 157.832 | AX4: NaN | AY4: NaN
A5: NPU | B5: det | C5: 13 | D5: 1 | E5: 0 | F5: 0 | G5: 1 | H5: 1 | I5: 1 | J5: 1 | K5: 1 | L5: 1 | M5: 0 | N5: 0 | O5: 0 | P5: 0 | Q5: 152.733 | R5: NaN | S5: NaN | T5: 23.0952 | U5: 27.5931 | V5: 1336 | W5: 1027 | X5: NaN | Y5: NaN | Z5: NaN | AA5: 9.62273 | AB5: NaN | AC5: NaN | AD5: NaN | AE5: NaN | AF5: NaN | AG5: NaN | AH5: NaN | AI5: NaN | AJ5: NaN | AK5: NaN | AL5: NaN | AM5: NaN | AN5: 9.61041 | AO5: NaN | AP5: NaN | AQ5: 5.05993 | AR5: NaN | AS5: NaN | AT5: 0.010345 | AU5: NaN | AV5: NaN | AW5: 157.803 | AX5: NaN | AY5: NaN
A6: NPU | B6: det | C6: 14 | D6: 1 | E6: 0 | F6: 0 | G6: 1 | H6: 1 | I6: 1 | J6: 1 | K6: 1 | L6: 1 | M6: 0 | N6: 0 | O6: 0 | P6: 0 | Q6: 152.514 | R6: NaN | S6: NaN | T6: 24.1027 | U6: 26.8478 | V6: 1336 | W6: 713 | X6: NaN | Y6: NaN | Z6: NaN | AA6: 9.62203 | AB6: NaN | AC6: NaN | AD6: NaN | AE6: NaN | AF6: NaN | AG6: NaN | AH6: NaN | AI6: NaN | AJ6: NaN | AK6: NaN | AL6: NaN | AM6: NaN | AN6: 9.60961 | AO6: NaN | AP6: NaN | AQ6: 5.23634 | AR6: NaN | AS6: NaN | AT6: 0.0100743 | AU6: NaN | AV6: NaN | AW6: 157.76 | AX6: NaN | AY6: NaN
A7: NPU | B7: det | C7: 15 | D7: 1 | E7: 0 | F7: 0 | G7: 1 | H7: 1 | I7: 1 | J7: 1 | K7: 1 | L7: 1 | M7: 0 | N7: 0 | O7: 0 | P7: 0 | Q7: 152.781 | R7: NaN | S7: NaN | T7: 23.4956 | U7: 27.2831 | V7: 1336 | W7: 694 | X7: NaN | Y7: NaN | Z7: NaN | AA7: 9.62306 | AB7: NaN | AC7: NaN | AD7: NaN | AE7: NaN | AF7: NaN | AG7: NaN | AH7: NaN | AI7: NaN | AJ7: NaN | AK7: NaN | AL7: NaN | AM7: NaN | AN7: 9.6109 | AO7: NaN | AP7: NaN | AQ7: 5.02521 | AR7: NaN | AS7: NaN | AT7: 0.0102314 | AU7: NaN | AV7: NaN | AW7: 157.816 | AX7: NaN | AY7: NaN
A8: NPU | B8: det | C8: 16 | D8: 1 | E8: 0 | F8: 0 | G8: 1 | H8: 1 | I8: 1 | J8: 1 | K8: 1 | L8: 1 | M8: 0 | N8: 0 | O8: 0 | P8: 0 | Q8: 152.546 | R8: NaN | S8: NaN | T8: 23.6158 | U8: 26.6239 | V8: 1335 | W8: 652 | X8: NaN | Y8: NaN | Z8: NaN | AA8: 9.61848 | AB8: NaN | AC8: NaN | AD8: NaN | AE8: NaN | AF8: NaN | AG8: NaN | AH8: NaN | AI8: NaN | AJ8: NaN | AK8: NaN | AL8: NaN | AM8: NaN | AN8: 9.60631 | AO8: NaN | AP8: NaN | AQ8: 5.07139 | AR8: NaN | AS8: NaN | AT8: 0.0111137 | AU8: NaN | AV8: NaN | AW8: 157.628 | AX8: NaN | AY8: NaN
A9: NPU | B9: det | C9: 17 | D9: 1 | E9: 0 | F9: 0 | G9: 1 | H9: 1 | I9: 1 | J9: 1 | K9: 1 | L9: 1 | M9: 0 | N9: 0 | O9: 0 | P9: 0 | Q9: 152.944 | R9: NaN | S9: NaN | T9: 21.8965 | U9: 26.8381 | V9: 1337 | W9: 564 | X9: NaN | Y9: NaN | Z9: NaN | AA9: 9.6192 | AB9: NaN | AC9: NaN | AD9: NaN | AE9: NaN | AF9: NaN | AG9: NaN | AH9: NaN | AI9: NaN | AJ9: NaN | AK9: NaN | AL9: NaN | AM9: NaN | AN9: 9.60685 | AO9: NaN | AP9: NaN | AQ9: 4.73774 | AR9: NaN | AS9: NaN | AT9: 0.00975257 | AU9: NaN | AV9: NaN | AW9: 157.692 | AX9: NaN | AY9: NaN
A10: NPU | B10: det | C10: 18 | D10: 1 | E10: 0 | F10: 0 | G10: 1 | H10: 1 | I10: 1 | J10: 1 | K10: 1 | L10: 1 | M10: 0 | N10: 0 | O10: 0 | P10: 0 | Q10: 152.761 | R10: NaN | S10: NaN | T10: 22.3833 | U10: 26.4932 | V10: 1334 | W10: 593 | X10: NaN | Y10: NaN | Z10: NaN | AA10: 9.62177 | AB10: NaN | AC10: NaN | AD10: NaN | AE10: NaN | AF10: NaN | AG10: NaN | AH10: NaN | AI10: NaN | AJ10: NaN | AK10: NaN | AL10: NaN | AM10: NaN | AN10: 9.60936 | AO10: NaN | AP10: NaN | AQ10: 4.86762 | AR10: NaN | AS10: NaN | AT10: 0.0107095 | AU10: NaN | AV10: NaN | AW10: 157.639 | AX10: NaN | AY10: NaN
A11: NPU | B11: det | C11: 19 | D11: 1 | E11: 0 | F11: 0 | G11: 1 | H11: 1 | I11: 1 | J11: 1 | K11: 1 | L11: 1 | M11: 0 | N11: 0 | O11: 0 | P11: 0 | Q11: 152.759 | R11: NaN | S11: NaN | T11: 23.1031 | U11: 26.9634 | V11: 1337 | W11: 622 | X11: NaN | Y11: NaN | Z11: NaN | AA11: 9.62059 | AB11: NaN | AC11: NaN | AD11: NaN | AE11: NaN | AF11: NaN | AG11: NaN | AH11: NaN | AI11: NaN | AJ11: NaN | AK11: NaN | AL11: NaN | AM11: NaN | AN11: 9.60848 | AO11: NaN | AP11: NaN | AQ11: 4.96819 | AR11: NaN | AS11: NaN | AT11: 0.0100511 | AU11: NaN | AV11: NaN | AW11: 157.737 | AX11: NaN | AY11: NaN
A12: NPU | B12: det | C12: 20 | D12: 1 | E12: 0 | F12: 0 | G12: 1 | H12: 1 | I12: 1 | J12: 1 | K12: 1 | L12: 1 | M12: 0 | N12: 0 | O12: 0 | P12: 0 | Q12: 152.911 | R12: NaN | S12: NaN | T12: 22.6187 | U12: 26.9929 | V12: 1336 | W12: 931 | X12: NaN | Y12: NaN | Z12: NaN | AA12: 9.62139 | AB12: NaN | AC12: NaN | AD12: NaN | AE12: NaN | AF12: NaN | AG12: NaN | AH12: NaN | AI12: NaN | AJ12: NaN | AK12: NaN | AL12: NaN | AM12: NaN | AN12: 9.60917 | AO12: NaN | AP12: NaN | AQ12: 4.83961 | AR12: NaN | AS12: NaN | AT12: 0.010004 | AU12: NaN | AV12: NaN | AW12: 157.761 | AX12: NaN | AY12: NaN
A13: NPU | B13: det | C13: 21 | D13: 1 | E13: 0 | F13: 0 | G13: 1 | H13: 1 | I13: 1 | J13: 1 | K13: 1 | L13: 1 | M13: 0 | N13: 0 | O13: 0 | P13: 0 | Q13: 152.686 | R13: NaN | S13: NaN | T13: 23.5063 | U13: 26.7992 | V13: 1336 | W13: 633 | X13: NaN | Y13: NaN | Z13: NaN | AA13: 9.62097 | AB13: NaN | AC13: NaN | AD13: NaN | AE13: NaN | AF13: NaN | AG13: NaN | AH13: NaN | AI13: NaN | AJ13: NaN | AK13: NaN | AL13: NaN | AM13: NaN | AN13: 9.60874 | AO13: NaN | AP13: NaN | AQ13: 5.05571 | AR13: NaN | AS13: NaN | AT13: 0.0100083 | AU13: NaN | AV13: NaN | AW13: 157.752 | AX13: NaN | AY13: NaN
... A16: NPU | B16: det | C16: 24 | D16: 1 | E16: 0 | F16: 0 | G16: 1 | H16: 1 | I16: 1 | J16: 1 | K16: 1 | L16: 1 | M16: 0 | N16: 0 | O16: 0 | P16: 0 | Q16: 152.601 | R16: NaN | S16: NaN | T16: 23.8782 | U16: 26.5772 | V16: 1337 | W16: 828 | X16: NaN | Y16: NaN | Z16: NaN | AA16: 9.62048 | AB16: NaN | AC16: NaN | AD16: NaN | AE16: NaN | AF16: NaN | AG16: NaN | AH16: NaN | AI16: NaN | AJ16: NaN | AK16: NaN | AL16: NaN | AM16: NaN | AN16: 9.60836 | AO16: NaN | AP16: NaN | AQ16: 5.11689 | AR16: NaN | AS16: NaN | AT16: 0.0108209 | AU16: NaN | AV16: NaN | AW16: 157.729 | AX16: NaN | AY16: NaN
A17: NPU | B17: det | C17: 31 | D17: 1 | E17: 0 | F17: 0 | G17: 1 | H17: 1 | I17: 1 | J17: 1 | K17: 1 | L17: 1 | M17: 0 | N17: 0 | O17: 0 | P17: 0 | Q17: 152.637 | R17: NaN | S17: NaN | T17: 23.1637 | U17: 27.3479 | V17: 1339 | W17: 687 | X17: 99.141 | Y17: 0.358 | Z17: 0.859 | AA17: 9.6293 | AB17: 69.378 | AC17: 110.12 | AD17: 117.061 | AE17: 24.001 | AF17: NaN | AG17: NaN | AH17: NaN | AI17: NaN | AJ17: NaN | AK17: NaN | AL17: NaN | AM17: NaN | AN17: 9.61691 | AO17: NaN | AP17: NaN | AQ17: 5.2037 | AR17: NaN | AS17: NaN | AT17: 0.00977905 | AU17: NaN | AV17: NaN | AW17: 157.85 | AX17: NaN | AY17: NaN
A18: NPU | B18: det | C18: 32 | D18: 1 | E18: 0 | F18: 0 | G18: 1 | H18: 1 | I18: 1 | J18: 1 | K18: 1 | L18: 1 | M18: 0 | N18: 0 | O18: 0 | P18: 0 | Q18: 152.881 | R18: NaN | S18: NaN | T18: 22.5688 | U18: 26.6483 | V18: 1337 | W18: 765 | X18: 99.406 | Y18: 0.359 | Z18: 0.594 | AA18: 9.62555 | AB18: 69.557 | AC18: 111.525 | AD18: 114.546 | AE18: 16.558 | AF18: NaN | AG18: NaN | AH18: NaN | AI18: NaN | AJ18: NaN | AK18: NaN | AL18: NaN | AM18: NaN | AN18: 9.61346 | AO18: NaN | AP18: NaN | AQ18: 4.92048 | AR18: NaN | AS18: NaN | AT18: 0.00955413 | AU18: NaN | AV18: NaN | AW18: 157.811 | AX18: NaN | AY18: NaN
A19: NPU | B19: det | C19: 33 | D19: 1 | E19: 0 | F19: 0 | G19: 1 | H19: 1 | I19: 1 | J19: 1 | K19: 1 | L19: 1 | M19: 0 | N19: 0 | O19: 0 | P19: 0 | Q19: 152.649 | R19: NaN | S19: NaN | T19: 22.9134 | U19: 26.7507 | V19: 1336 | W19: 662 | X19: 99.463 | Y19: 0.359 | Z19: 0.537 | AA19: 9.61992 | AB19: 69.62 | AC19: 111.561 | AD19: 117.791 | AE19: 14.948 | AF19: NaN | AG19: NaN | AH19: NaN | AI19: NaN | AJ19: NaN | AK19: NaN | AL19: NaN | AM19: NaN | AN19: 9.60751 | AO19: NaN | AP19: NaN | AQ19: 5.04777 | AR19: NaN | AS19: NaN | AT19: 0.0096626 | AU19: NaN | AV19: NaN | AW19: 157.706 | AX19: NaN | AY19: NaN
A20: NPU | B20: det_seg | C20: 4 | D20: 1 | E20: 1 | F20: 0 | G20: 1 | H20: 1 | I20: 1 | J20: 1 | K20: 1 | L20: 1 | M20: 0 | N20: 0 | O20: 0 | P20: 0 | Q20: 792.667 | R20: 826.05 | S20: NaN | T20: 40.6799 | U20: 20.3594 | V20: 8146 | W20: 5489 | X20: NaN | Y20: NaN | Z20: NaN | AA20: 59.2095 | AB20: NaN | AC20: NaN | AD20: NaN | AE20: NaN | AF20: NaN | AG20: NaN | AH20: NaN | AI20: NaN | AJ20: NaN | AK20: NaN | AL20: NaN | AM20: NaN | AN20: 59.0867 | AO20: 59.0373 | AP20: NaN | AQ20: 5.46775 | AR20: 5.15087 | AS20: NaN | AT20: 0.0106914 | AU20: 37.6213 | AV20: NaN | AW20: 798.145 | AX20: 868.822 | AY20: NaN
A21: NPU | B21: det_seg | C21: 5 | D21: 1 | E21: 1 | F21: 0 | G21: 1 | H21: 1 | I21: 1 | J21: 1 | K21: 1 | L21: 1 | M21: 0 | N21: 0 | O21: 0 | P21: 0 | Q21: 788.93 | R21: 822.028 | S21: NaN | T21: 41.0349 | U21: 20.4536 | V21: 8187 | W21: 5563 | X21: NaN | Y21: NaN | Z21: NaN | AA21: 58.941 | AB21: NaN | AC21: NaN | AD21: NaN | AE21: NaN | AF21: NaN | AG21: NaN | AH21: NaN | AI21: NaN | AJ21: NaN | AK21: NaN | AL21: NaN | AM21: NaN | AN21: 58.8227 | AO21: 58.7699 | AP21: NaN | AQ21: 5.57967 | AR21: 5.11583 | AS21: NaN | AT21: 0.0105358 | AU21: 37.6231 | AV21: NaN | AW21: 794.52 | AX21: 864.767 | AY21: NaN
A22: NPU | B22: det_seg | C22: 6 | D22: 1 | E22: 1 | F22: 0 | G22: 1 | H22: 1 | I22: 1 | J22: 1 | K22: 1 | L22: 1 | M22: 0 | N22: 0 | O22: 0 | P22: 0 | Q22: 795.642 | R22: 829.386 | S22: NaN | T22: 40.7169 | U22: 20.3569 | V22: 8204 | W22: 4954 | X22: NaN | Y22: NaN | Z22: NaN | AA22: 59.4241 | AB22: NaN | AC22: NaN | AD22: NaN | AE22: NaN | AF22: NaN | AG22: NaN | AH22: NaN | AI22: NaN | AJ22: NaN | AK22: NaN | AL22: NaN | AM22: NaN | AN22: 59.3012 | AO22: 59.2525 | AP22: NaN | AQ22: 5.51006 | AR22: 5.09479 | AS22: NaN | AT22: 0.0103725 | AU22: 37.5291 | AV22: NaN | AW22: 801.162 | AX22: 872.01 | AY22: NaN
A23: NPU | B23: det_seg | C23: 25 | D23: 1 | E23: 1 | F23: 0 | G23: 1 | H23: 1 | I23: 1 | J23: 1 | K23: 1 | L23: 1 | M23: 0 | N23: 0 | O23: 0 | P23: 0 | Q23: 607.042 | R23: 642.802 | S23: NaN | T23: 43.5843 | U23: 27.4849 | V23: 8266 | W23: 5529 | X23: 99.912 | Y23: 27.736 | Z23: 0.088 | AA23: 45.2919 | AB23: 13.851 | AC23: 23.687 | AD23: 33.086 | AE23: 16.486 | AF23: 13.851 | AG23: 25.158 | AH23: 169.833 | AI23: 1.938 | AJ23: NaN | AK23: NaN | AL23: NaN | AM23: NaN | AN23: 45.0645 | AO23: 45.1194 | AP23: NaN | AQ23: 5.71055 | AR23: 5.29501 | AS23: NaN | AT23: 0.0105543 | AU23: 37.4531 | AV23: NaN | AW23: 612.763 | AX23: 685.55 | AY23: NaN
A24: NPU | B24: det_seg | C24: 26 | D24: 1 | E24: 1 | F24: 0 | G24: 1 | H24: 1 | I24: 1 | J24: 1 | K24: 1 | L24: 1 | M24: 0 | N24: 0 | O24: 0 | P24: 0 | Q24: 609.075 | R24: 644.674 | S24: NaN | T24: 43.5123 | U24: 27.6699 | V24: 8250 | W24: 5793 | X24: 99.922 | Y24: 27.652 | Z24: 0.078 | AA24: 45.4337 | AB24: 13.826 | AC24: 23.682 | AD24: 33.383 | AE24: 16.514 | AF24: 13.792 | AG24: 25.024 | AH24: 181.184 | AI24: 2.207 | AJ24: NaN | AK24: NaN | AL24: NaN | AM24: NaN | AN24: 45.2067 | AO24: 45.2597 | AP24: NaN | AQ24: 5.60294 | AR24: 5.17437 | AS24: NaN | AT24: 0.0111264 | AU24: 37.2188 | AV24: NaN | AW24: 614.689 | AX24: 687.067 | AY24: NaN
A25: NPU | B25: det_seg | C25: 27 | D25: 1 | E25: 1 | F25: 0 | G25: 1 | H25: 1 | I25: 1 | J25: 1 | K25: 1 | L25: 1 | M25: 0 | N25: 0 | O25: 0 | P25: 0 | Q25: 607.846 | R25: 643.663 | S25: NaN | T25: 43.5843 | U25: 27.3872 | V25: 8260 | W25: 4732 | X25: 99.996 | Y25: 27.67 | Z25: 0.004 | AA25: 45.2962 | AB25: 13.818 | AC25: 23.737 | AD25: 30.886 | AE25: 16.257 | AF25: 13.818 | AG25: 25.968 | AH25: 196.175 | AI25: 2.205 | AJ25: NaN | AK25: NaN | AL25: NaN | AM25: NaN | AN25: 45.1222 | AO25: 45.1262 | AP25: NaN | AQ25: 5.64683 | AR25: 5.15043 | AS25: NaN | AT25: 0.0102898 | AU25: 37.1183 | AV25: NaN | AW25: 613.503 | AX25: 685.932 | AY25: NaN
A26: NPU | B26: det_pose | C26: 7 | D26: 1 | E26: 0 | F26: 1 | G26: 1 | H26: 1 | I26: 1 | J26: 1 | K26: 1 | L26: 1 | M26: 0 | N26: 0 | O26: 0 | P26: 0 | Q26: 670.94 | R26: NaN | S26: 675.776 | T26: 30.7228 | U26: 19.7797 | V26: 7830 | W26: 3405 | X26: NaN | Y26: NaN | Z26: NaN | AA26: 49.9109 | AB26: NaN | AC26: NaN | AD26: NaN | AE26: NaN | AF26: NaN | AG26: NaN | AH26: NaN | AI26: NaN | AJ26: NaN | AK26: NaN | AL26: NaN | AM26: NaN | AN26: 49.896 | AO26: NaN | AP26: 49.8432 | AQ26: 5.07818 | AR26: NaN | AS26: 5.28689 | AT26: 0.00949718 | AU26: NaN | AV26: 0.149182 | AW26: 676.028 | AX26: NaN | AY26: 681.212
A27: NPU | B27: det_pose | C27: 8 | D27: 1 | E27: 0 | F27: 1 | G27: 1 | H27: 1 | I27: 1 | J27: 1 | K27: 1 | L27: 1 | M27: 0 | N27: 0 | O27: 0 | P27: 0 | Q27: 670.712 | R27: NaN | S27: 676.795 | T27: 30.8054 | U27: 19.9369 | V27: 7822 | W27: 2724 | X27: NaN | Y27: NaN | Z27: NaN | AA27: 49.9145 | AB27: NaN | AC27: NaN | AD27: NaN | AE27: NaN | AF27: NaN | AG27: NaN | AH27: NaN | AI27: NaN | AJ27: NaN | AK27: NaN | AL27: NaN | AM27: NaN | AN27: 49.8498 | AO27: NaN | AP27: 49.8989 | AQ27: 5.04077 | AR27: NaN | AS27: 5.27848 | AT27: 0.00965498 | AU27: NaN | AV27: 0.154758 | AW27: 675.762 | AX27: NaN | AY27: 682.228
A28: NPU | B28: det_pose | C28: 9 | D28: 1 | E28: 0 | F28: 1 | G28: 1 | H28: 1 | I28: 1 | J28: 1 | K28: 1 | L28: 1 | M28: 0 | N28: 0 | O28: 0 | P28: 0 | Q28: 678.788 | R28: NaN | S28: 686.915 | T28: 30.8893 | U28: 19.8404 | V28: 7842 | W28: 2978 | X28: NaN | Y28: NaN | Z28: NaN | AA28: 50.5861 | AB28: NaN | AC28: NaN | AD28: NaN | AE28: NaN | AF28: NaN | AG28: NaN | AH28: NaN | AI28: NaN | AJ28: NaN | AK28: NaN | AL28: NaN | AM28: NaN | AN28: 50.4651 | AO28: NaN | AP28: 50.55 | AQ28: 5.04933 | AR28: NaN | AS28: 5.3281 | AT28: 0.0098175 | AU28: NaN | AV28: 0.165027 | AW28: 683.847 | AX28: NaN | AY28: 692.408
A29: NPU | B29: det_pose | C29: 28 | D29: 1 | E29: 0 | F29: 1 | G29: 1 | H29: 1 | I29: 1 | J29: 1 | K29: 1 | L29: 1 | M29: 0 | N29: 0 | O29: 0 | P29: 0 | Q29: 553.291 | R29: NaN | S29: 550.784 | T29: 30.475 | U29: 27.0526 | V29: 7649 | W29: 3421 | X29: 99.928 | Y29: 30.98 | Z29: 0.072 | AA29: 40.9888 | AB29: 15.49 | AC29: 23.077 | AD29: 27.182 | AE29: 14.95 | AF29: NaN | AG29: NaN | AH29: NaN | AI29: NaN | AJ29: 15.456 | AK29: 14.151 | AL29: 31.458 | AM29: 1.922 | AN29: 40.9589 | AO29: NaN | AP29: 40.9627 | AQ29: 5.04321 | AR29: NaN | AS29: 5.49584 | AT29: 0.00978957 | AU29: NaN | AV29: 0.155014 | AW29: 558.344 | AX29: NaN | AY29: 556.435
A30: NPU | B30: det_pose | C30: 29 | D30: 1 | E30: 0 | F30: 1 | G30: 1 | H30: 1 | I30: 1 | J30: 1 | K30: 1 | L30: 1 | M30: 0 | N30: 0 | O30: 0 | P30: 0 | Q30: 553.288 | R30: NaN | S30: 551.007 | T30: 30.5525 | U30: 26.9888 | V30: 7656 | W30: 3493 | X30: 99.882 | Y30: 30.992 | Z30: 0.119 | AA30: 40.9903 | AB30: 15.496 | AC30: 23.09 | AD30: 25.297 | AE30: 15.013 | AF30: NaN | AG30: NaN | AH30: NaN | AI30: NaN | AJ30: 15.463 | AK30: 14.098 | AL30: 31.546 | AM30: 1.944 | AN30: 40.9591 | AO30: NaN | AP30: 40.977 | AQ30: 5.05533 | AR30: NaN | AS30: 5.46352 | AT30: 0.00914022 | AU30: NaN | AV30: 0.151279 | AW30: 558.352 | AX30: NaN | AY30: 556.622
A31: NPU | B31: det_pose | C31: 30 | D31: 1 | E31: 0 | F31: 1 | G31: 1 | H31: 1 | I31: 1 | J31: 1 | K31: 1 | L31: 1 | M31: 0 | N31: 0 | O31: 0 | P31: 0 | Q31: 555.568 | R31: NaN | S31: 553.441 | T31: 30.3941 | U31: 26.9394 | V31: 7682 | W31: 2986 | X31: 99.936 | Y31: 30.785 | Z31: 0.064 | AA31: 41.1685 | AB31: 15.392 | AC31: 23.161 | AD31: 27.513 | AE31: 15.07 | AF31: NaN | AG31: NaN | AH31: NaN | AI31: NaN | AJ31: 15.392 | AK31: 14.133 | AL31: 32.694 | AM31: 2.032 | AN31: 41.1378 | AO31: NaN | AP31: 41.1537 | AQ31: 5.12751 | AR31: NaN | AS31: 5.47182 | AT31: 0.00917831 | AU31: NaN | AV31: 0.149077 | AW31: 560.704 | AX31: NaN | AY31: 559.062
A32: NPU | B32: det_seg_pose | C32: 10 | D32: 1 | E32: 1 | F32: 1 | G32: 1 | H32: 1 | I32: 1 | J32: 1 | K32: 1 | L32: 1 | M32: 0 | N32: 0 | O32: 0 | P32: 0 | Q32: 1316.89 | R32: 1347.83 | S32: 1336.28 | T32: 35.3621 | U32: 21.0261 | V32: 14749 | W32: 9201 | X32: 99.998 | Y32: 18.881 | Z32: 0.001 | AA32: 98.1239 | AB32: 6.29 | AC32: 26.103 | AD32: 36.533 | AE32: 15.408 | AF32: 6.29 | AG32: 33.727 | AH32: 69.868 | AI32: 1.993 | AJ32: 6.29 | AK32: 18.542 | AL32: 90.303 | AM32: 0.92 | AN32: 97.9959 | AO32: 97.948 | AP32: 97.9609 | AQ32: 5.39826 | AR32: 5.04146 | AS32: 6.33899 | AT32: 0.0108325 | AU32: 38.6711 | AV32: 0.157488 | AW32: 1322.3 | AX32: 1391.54 | AY32: 1342.78
A33: NPU | B33: det_seg_pose | C33: 11 | D33: 1 | E33: 1 | F33: 1 | G33: 1 | H33: 1 | I33: 1 | J33: 1 | K33: 1 | L33: 1 | M33: 0 | N33: 0 | O33: 0 | P33: 0 | Q33: 1310.46 | R33: 1341.12 | S33: 1329.67 | T33: 35.2474 | U33: 20.9594 | V33: 14748 | W33: 8188 | X33: 99.999 | Y33: 19.086 | Z33: 0.001 | AA33: 97.6495 | AB33: 6.358 | AC33: 26.002 | AD33: 37.42 | AE33: 15.52 | AF33: 6.358 | AG33: 33.445 | AH33: 63.052 | AI33: 2.153 | AJ33: 6.358 | AK33: 19.095 | AL33: 88.536 | AM33: 0.905 | AN33: 97.5137 | AO33: 97.4641 | AP33: 97.48 | AQ33: 5.34108 | AR33: 5.00279 | AS33: 6.3382 | AT33: 0.0102234 | AU33: 38.5808 | AV33: 0.166792 | AW33: 1315.81 | AX33: 1384.71 | AY33: 1336.17
A34: NPU | B34: det_seg_pose | C34: 12 | D34: 1 | E34: 1 | F34: 1 | G34: 1 | H34: 1 | I34: 1 | J34: 1 | K34: 1 | L34: 1 | M34: 0 | N34: 0 | O34: 0 | P34: 0 | Q34: 1311.05 | R34: 1342.36 | S34: 1329.97 | T34: 35.2565 | U34: 21.4062 | V34: 14661 | W34: 8735 | X34: 100 | Y34: 19.06 | Z34: 0 | AA34: 97.689 | AB34: 6.346 | AC34: 25.977 | AD34: 36.178 | AE34: 15.62 | AF34: 6.357 | AG34: 33.56 | AH34: 82.506 | AI34: 2.128 | AJ34: 6.346 | AK34: 18.772 | AL34: 77.706 | AM34: 0.91 | AN34: 97.5624 | AO34: 97.515 | AP34: 97.5303 | AQ34: 5.36398 | AR34: 4.98003 | AS34: 6.40936 | AT34: 0.0105456 | AU34: 38.7074 | AV34: 0.1514 | AW34: 1316.42 | AX34: 1386.05 | AY34: 1336.53
A35: CPU | B35: det | C35: 1 | D35: 1 | E35: 0 | F35: 0 | G35: 1 | H35: 1 | I35: 1 | J35: 1 | K35: 1 | L35: 1 | M35: 0 | N35: 0 | O35: 0 | P35: 0 | Q35: 6.15944 | R35: NaN | S35: NaN | T35: 59.4059 | U35: 12.4311 | V35: 944 | W35: 94 | X35: NaN | Y35: NaN | Z35: NaN | AA35: 3.56802 | AB35: NaN | AC35: NaN | AD35: NaN | AE35: NaN | AF35: NaN | AG35: NaN | AH35: NaN | AI35: NaN | AJ35: NaN | AK35: NaN | AL35: NaN | AM35: NaN | AN35: 3.55612 | AO35: NaN | AP35: NaN | AQ35: 4.56615 | AR35: NaN | AS35: NaN | AT35: 0.00757852 | AU35: NaN | AV35: NaN | AW35: 10.7332 | AX35: NaN | AY35: NaN
A36: CPU | B36: det | C36: 2 | D36: 1 | E36: 0 | F36: 0 | G36: 1 | H36: 1 | I36: 1 | J36: 1 | K36: 1 | L36: 1 | M36: 0 | N36: 0 | O36: 0 | P36: 0 | Q36: 5.99142 | R36: NaN | S36: NaN | T36: 59.9174 | U36: 11.3561 | V36: 909 | W36: 83 | X36: NaN | Y36: NaN | Z36: NaN | AA36: 3.60851 | AB36: NaN | AC36: NaN | AD36: NaN | AE36: NaN | AF36: NaN | AG36: NaN | AH36: NaN | AI36: NaN | AJ36: NaN | AK36: NaN | AL36: NaN | AM36: NaN | AN36: 3.59658 | AO36: NaN | AP36: NaN | AQ36: 4.62475 | AR36: NaN | AS36: NaN | AT36: 0.00686605 | AU36: NaN | AV36: NaN | AW36: 10.623 | AX36: NaN | AY36: NaN
A37: CPU | B37: det | C37: 3 | D37: 1 | E37: 0 | F37: 0 | G37: 1 | H37: 1 | I37: 1 | J37: 1 | K37: 1 | L37: 1 | M37: 0 | N37: 0 | O37: 0 | P37: 0 | Q37: 6.08704 | R37: NaN | S37: NaN | T37: 59.8177 | U37: 11.1108 | V37: 807 | W37: 64 | X37: NaN | Y37: NaN | Z37: NaN | AA37: 3.59465 | AB37: NaN | AC37: NaN | AD37: NaN | AE37: NaN | AF37: NaN | AG37: NaN | AH37: NaN | AI37: NaN | AJ37: NaN | AK37: NaN | AL37: NaN | AM37: NaN | AN37: 3.58267 | AO37: NaN | AP37: NaN | AQ37: 4.60567 | AR37: NaN | AS37: NaN | AT37: 0.00847092 | AU37: NaN | AV37: NaN | AW37: 10.7012 | AX37: NaN | AY37: NaN
A38: CPU | B38: det | C38: 13 | D38: 1 | E38: 0 | F38: 0 | G38: 1 | H38: 1 | I38: 1 | J38: 1 | K38: 1 | L38: 1 | M38: 0 | N38: 0 | O38: 0 | P38: 0 | Q38: 5.9686 | R38: NaN | S38: NaN | T38: 58.8194 | U38: 19.4505 | V38: 903 | W38: 364 | X38: NaN | Y38: NaN | Z38: NaN | AA38: 3.59814 | AB38: NaN | AC38: NaN | AD38: NaN | AE38: NaN | AF38: NaN | AG38: NaN | AH38: NaN | AI38: NaN | AJ38: NaN | AK38: NaN | AL38: NaN | AM38: NaN | AN38: 3.58596 | AO38: NaN | AP38: NaN | AQ38: 4.60325 | AR38: NaN | AS38: NaN | AT38: 0.00801819 | AU38: NaN | AV38: NaN | AW38: 10.5799 | AX38: NaN | AY38: NaN
A39: CPU | B39: det | C39: 14 | D39: 1 | E39: 0 | F39: 0 | G39: 1 | H39: 1 | I39: 1 | J39: 1 | K39: 1 | L39: 1 | M39: 0 | N39: 0 | O39: 0 | P39: 0 | Q39: 6.03226 | R39: NaN | S39: NaN | T39: 59.8361 | U39: 18.0923 | V39: 886 | W39: 311 | X39: NaN | Y39: NaN | Z39: NaN | AA39: 3.65778 | AB39: NaN | AC39: NaN | AD39: NaN | AE39: NaN | AF39: NaN | AG39: NaN | AH39: NaN | AI39: NaN | AJ39: NaN | AK39: NaN | AL39: NaN | AM39: NaN | AN39: 3.6415 | AO39: NaN | AP39: NaN | AQ39: 4.68847 | AR39: NaN | AS39: NaN | AT39: 0.00839583 | AU39: NaN | AV39: NaN | AW39: 10.7291 | AX39: NaN | AY39: NaN
A40: CPU | B40: det | C40: 15 | D40: 1 | E40: 0 | F40: 0 | G40: 1 | H40: 1 | I40: 1 | J40: 1 | K40: 1 | L40: 1 | M40: 0 | N40: 0 | O40: 0 | P40: 0 | Q40: 5.99901 | R40: NaN | S40: NaN | T40: 59.7637 | U40: 18.0828 | V40: 782 | W40: 138 | X40: NaN | Y40: NaN | Z40: NaN | AA40: 3.63195 | AB40: NaN | AC40: NaN | AD40: NaN | AE40: NaN | AF40: NaN | AG40: NaN | AH40: NaN | AI40: NaN | AJ40: NaN | AK40: NaN | AL40: NaN | AM40: NaN | AN40: 3.61989 | AO40: NaN | AP40: NaN | AQ40: 4.65564 | AR40: NaN | AS40: NaN | AT40: 0.00733764 | AU40: NaN | AV40: NaN | AW40: 10.662 | AX40: NaN | AY40: NaN
A41: CPU | B41: det | C41: 16 | D41: 1 | E41: 0 | F41: 0 | G41: 1 | H41: 1 | I41: 1 | J41: 1 | K41: 1 | L41: 1 | M41: 0 | N41: 0 | O41: 0 | P41: 0 | Q41: 6.11283 | R41: NaN | S41: NaN | T41: 60 | U41: 18.0857 | V41: 917 | W41: 148 | X41: NaN | Y41: NaN | Z41: NaN | AA41: 3.57962 | AB41: NaN | AC41: NaN | AD41: NaN | AE41: NaN | AF41: NaN | AG41: NaN | AH41: NaN | AI41: NaN | AJ41: NaN | AK41: NaN | AL41: NaN | AM41: NaN | AN41: 3.56761 | AO41: NaN | AP41: NaN | AQ41: 4.58139 | AR41: NaN | AS41: NaN | AT41: 0.00827938 | AU41: NaN | AV41: NaN | AW41: 10.7025 | AX41: NaN | AY41: NaN
A42: CPU | B42: det | C42: 17 | D42: 1 | E42: 0 | F42: 0 | G42: 1 | H42: 1 | I42: 1 | J42: 1 | K42: 1 | L42: 1 | M42: 0 | N42: 0 | O42: 0 | P42: 0 | Q42: 6.10069 | R42: NaN | S42: NaN | T42: 60.3981 | U42: 18.1005 | V42: 824 | W42: 281 | X42: NaN | Y42: NaN | Z42: NaN | AA42: 3.65599 | AB42: NaN | AC42: NaN | AD42: NaN | AE42: NaN | AF42: NaN | AG42: NaN | AH42: NaN | AI42: NaN | AJ42: NaN | AK42: NaN | AL42: NaN | AM42: NaN | AN42: 3.64354 | AO42: NaN | AP42: NaN | AQ42: 4.67937 | AR42: NaN | AS42: NaN | AT42: 0.00809872 | AU42: NaN | AV42: NaN | AW42: 10.7882 | AX42: NaN | AY42: NaN
A43: CPU | B43: det | C43: 18 | D43: 1 | E43: 0 | F43: 0 | G43: 1 | H43: 1 | I43: 1 | J43: 1 | K43: 1 | L43: 1 | M43: 0 | N43: 0 | O43: 0 | P43: 0 | Q43: 5.95734 | R43: NaN | S43: NaN | T43: 60.3448 | U43: 18.1317 | V43: 1004 | W43: 115 | X43: NaN | Y43: NaN | Z43: NaN | AA43: 3.61953 | AB43: NaN | AC43: NaN | AD43: NaN | AE43: NaN | AF43: NaN | AG43: NaN | AH43: NaN | AI43: NaN | AJ43: NaN | AK43: NaN | AL43: NaN | AM43: NaN | AN43: 3.60713 | AO43: NaN | AP43: NaN | AQ43: 4.64192 | AR43: NaN | AS43: NaN | AT43: 0.00731733 | AU43: NaN | AV43: NaN | AW43: 10.6066 | AX43: NaN | AY43: NaN
A44: CPU | B44: det | C44: 19 | D44: 1 | E44: 0 | F44: 0 | G44: 1 | H44: 1 | I44: 1 | J44: 1 | K44: 1 | L44: 1 | M44: 0 | N44: 0 | O44: 0 | P44: 0 | Q44: 5.97697 | R44: NaN | S44: NaN | T44: 59.2902 | U44: 18.0301 | V44: 808 | W44: 217 | X44: NaN | Y44: NaN | Z44: NaN | AA44: 3.61968 | AB44: NaN | AC44: NaN | AD44: NaN | AE44: NaN | AF44: NaN | AG44: NaN | AH44: NaN | AI44: NaN | AJ44: NaN | AK44: NaN | AL44: NaN | AM44: NaN | AN44: 3.60771 | AO44: NaN | AP44: NaN | AQ44: 4.63318 | AR44: NaN | AS44: NaN | AT44: 0.00925522 | AU44: NaN | AV44: NaN | AW44: 10.6194 | AX44: NaN | AY44: NaN
A45: CPU | B45: det | C45: 20 | D45: 1 | E45: 0 | F45: 0 | G45: 1 | H45: 1 | I45: 1 | J45: 1 | K45: 1 | L45: 1 | M45: 0 | N45: 0 | O45: 0 | P45: 0 | Q45: 5.98407 | R45: NaN | S45: NaN | T45: 58.8682 | U45: 18.1078 | V45: 913 | W45: 197 | X45: NaN | Y45: NaN | Z45: NaN | AA45: 3.62384 | AB45: NaN | AC45: NaN | AD45: NaN | AE45: NaN | AF45: NaN | AG45: NaN | AH45: NaN | AI45: NaN | AJ45: NaN | AK45: NaN | AL45: NaN | AM45: NaN | AN45: 3.61179 | AO45: NaN | AP45: NaN | AQ45: 4.64436 | AR45: NaN | AS45: NaN | AT45: 0.00735143 | AU45: NaN | AV45: NaN | AW45: 10.6358 | AX45: NaN | AY45: NaN
A46: CPU | B46: det | C46: 21 | D46: 1 | E46: 0 | F46: 0 | G46: 1 | H46: 1 | I46: 1 | J46: 1 | K46: 1 | L46: 1 | M46: 0 | N46: 0 | O46: 0 | P46: 0 | Q46: 6.07126 | R46: NaN | S46: NaN | T46: 60.2901 | U46: 18.0867 | V46: 866 | W46: 193 | X46: NaN | Y46: NaN | Z46: NaN | AA46: 3.58206 | AB46: NaN | AC46: NaN | AD46: NaN | AE46: NaN | AF46: NaN | AG46: NaN | AH46: NaN | AI46: NaN | AJ46: NaN | AK46: NaN | AL46: NaN | AM46: NaN | AN46: 3.57012 | AO46: NaN | AP46: NaN | AQ46: 4.58439 | AR46: NaN | AS46: NaN | AT46: 0.00724441 | AU46: NaN | AV46: NaN | AW46: 10.6629 | AX46: NaN | AY46: NaN
... A49: CPU | B49: det | C49: 24 | D49: 1 | E49: 0 | F49: 0 | G49: 1 | H49: 1 | I49: 1 | J49: 1 | K49: 1 | L49: 1 | M49: 0 | N49: 0 | O49: 0 | P49: 0 | Q49: 6.08252 | R49: NaN | S49: NaN | T49: 59.9582 | U49: 18.0747 | V49: 861 | W49: 75 | X49: NaN | Y49: NaN | Z49: NaN | AA49: 3.60168 | AB49: NaN | AC49: NaN | AD49: NaN | AE49: NaN | AF49: NaN | AG49: NaN | AH49: NaN | AI49: NaN | AJ49: NaN | AK49: NaN | AL49: NaN | AM49: NaN | AN49: 3.58974 | AO49: NaN | AP49: NaN | AQ49: 4.60986 | AR49: NaN | AS49: NaN | AT49: 0.00814189 | AU49: NaN | AV49: NaN | AW49: 10.7005 | AX49: NaN | AY49: NaN
A50: CPU | B50: det | C50: 31 | D50: 1 | E50: 0 | F50: 0 | G50: 1 | H50: 1 | I50: 1 | J50: 1 | K50: 1 | L50: 1 | M50: 0 | N50: 0 | O50: 0 | P50: 0 | Q50: 5.62881 | R50: NaN | S50: NaN | T50: 58.9958 | U50: 19.3814 | V50: 926 | W50: 172 | X50: 99.994 | Y50: 0.68 | Z50: 0.006 | AA50: 3.55993 | AB50: 189.609 | AC50: 4.064 | AD50: 13.909 | AE50: 0.168 | AF50: NaN | AG50: NaN | AH50: NaN | AI50: NaN | AJ50: NaN | AK50: NaN | AL50: NaN | AM50: NaN | AN50: 3.54795 | AO50: NaN | AP50: NaN | AQ50: 4.56144 | AR50: NaN | AS50: NaN | AT50: 0.00850248 | AU50: NaN | AV50: NaN | AW50: 10.1988 | AX50: NaN | AY50: NaN
A51: CPU | B51: det | C51: 32 | D51: 1 | E51: 0 | F51: 0 | G51: 1 | H51: 1 | I51: 1 | J51: 1 | K51: 1 | L51: 1 | M51: 0 | N51: 0 | O51: 0 | P51: 0 | Q51: 5.58078 | R51: NaN | S51: NaN | T51: 58.484 | U51: 18.5101 | V51: 928 | W51: 417 | X51: 99.994 | Y51: 0.34 | Z51: 0.006 | AA51: 3.6062 | AB51: 186.168 | AC51: 4.064 | AD51: 13.972 | AE51: 0.172 | AF51: NaN | AG51: NaN | AH51: NaN | AI51: NaN | AJ51: NaN | AK51: NaN | AL51: NaN | AM51: NaN | AN51: 3.59431 | AO51: NaN | AP51: NaN | AQ51: 4.6206 | AR51: NaN | AS51: NaN | AT51: 0.00817672 | AU51: NaN | AV51: NaN | AW51: 10.2096 | AX51: NaN | AY51: NaN
A52: CPU | B52: det | C52: 33 | D52: 1 | E52: 0 | F52: 0 | G52: 1 | H52: 1 | I52: 1 | J52: 1 | K52: 1 | L52: 1 | M52: 0 | N52: 0 | O52: 0 | P52: 0 | Q52: 5.63429 | R52: NaN | S52: NaN | T52: 58.1973 | U52: 18.1627 | V52: 924 | W52: 115 | X52: 99.994 | Y52: 0.679 | Z52: 0.006 | AA52: 3.5711 | AB52: 188.504 | AC52: 4.126 | AD52: 13.95 | AE52: 0.18 | AF52: NaN | AG52: NaN | AH52: NaN | AI52: NaN | AJ52: NaN | AK52: NaN | AL52: NaN | AM52: NaN | AN52: 3.55925 | AO52: NaN | AP52: NaN | AQ52: 4.57508 | AR52: NaN | AS52: NaN | AT52: 0.00720451 | AU52: NaN | AV52: NaN | AW52: 10.2166 | AX52: NaN | AY52: NaN
A53: CPU | B53: det_seg | C53: 4 | D53: 1 | E53: 1 | F53: 0 | G53: 1 | H53: 1 | I53: 1 | J53: 1 | K53: 1 | L53: 1 | M53: 0 | N53: 0 | O53: 0 | P53: 0 | Q53: 695.392 | R53: 731.059 | S53: NaN | T53: 40.7103 | U53: 12.2679 | V53: 8383 | W53: 7068 | X53: NaN | Y53: NaN | Z53: NaN | AA53: 46.8482 | AB53: NaN | AC53: NaN | AD53: NaN | AE53: NaN | AF53: NaN | AG53: NaN | AH53: NaN | AI53: NaN | AJ53: NaN | AK53: NaN | AL53: NaN | AM53: NaN | AN53: 42.7871 | AO53: 46.6754 | AP53: NaN | AQ53: 6.7767 | AR53: 5.77804 | AS53: NaN | AT53: 0.0109754 | AU53: 38.2142 | AV53: NaN | AW53: 702.179 | AX53: 775.051 | AY53: NaN
A54: CPU | B54: det_seg | C54: 5 | D54: 1 | E54: 1 | F54: 0 | G54: 1 | H54: 1 | I54: 1 | J54: 1 | K54: 1 | L54: 1 | M54: 0 | N54: 0 | O54: 0 | P54: 0 | Q54: 717.305 | R54: 725.624 | S54: NaN | T54: 40.4975 | U54: 12.3075 | V54: 8423 | W54: 6108 | X54: NaN | Y54: NaN | Z54: NaN | AA54: 47.0345 | AB54: NaN | AC54: NaN | AD54: NaN | AE54: NaN | AF54: NaN | AG54: NaN | AH54: NaN | AI54: NaN | AJ54: NaN | AK54: NaN | AL54: NaN | AM54: NaN | AN54: 44.1499 | AO54: 46.8625 | AP54: NaN | AQ54: 6.68841 | AR54: 5.5696 | AS54: NaN | AT54: 0.00871071 | AU54: 38.3136 | AV54: NaN | AW54: 724.002 | AX54: 769.507 | AY54: NaN
A55: CPU | B55: det_seg | C55: 6 | D55: 1 | E55: 1 | F55: 0 | G55: 1 | H55: 1 | I55: 1 | J55: 1 | K55: 1 | L55: 1 | M55: 0 | N55: 0 | O55: 0 | P55: 0 | Q55: 729.453 | R55: 726.725 | S55: NaN | T55: 40.6278 | U55: 12.2683 | V55: 8463 | W55: 7630 | X55: NaN | Y55: NaN | Z55: NaN | AA55: 47.4681 | AB55: NaN | AC55: NaN | AD55: NaN | AE55: NaN | AF55: NaN | AG55: NaN | AH55: NaN | AI55: NaN | AJ55: NaN | AK55: NaN | AL55: NaN | AM55: NaN | AN55: 44.8719 | AO55: 47.2962 | AP55: NaN | AQ55: 6.78149 | AR55: 5.67567 | AS55: NaN | AT55: 0.00897371 | AU55: 38.2114 | AV55: NaN | AW55: 736.243 | AX55: 770.612 | AY55: NaN
A56: CPU | B56: det_seg | C56: 25 | D56: 1 | E56: 1 | F56: 0 | G56: 1 | H56: 1 | I56: 1 | J56: 1 | K56: 1 | L56: 1 | M56: 0 | N56: 0 | O56: 0 | P56: 0 | Q56: 507.78 | R56: 660.202 | S56: NaN | T56: 41.2827 | U56: 19.5835 | V56: 8247 | W56: 6908 | X56: 99.999 | Y56: 33.455 | Z56: 0.001 | AA56: 37.2006 | AB56: 17.698 | AC56: 17.416 | AD56: 35.897 | AE56: 0.651 | AF56: 16.728 | AG56: 69.755 | AH56: 457.091 | AI56: 0.791 | AJ56: NaN | AK56: NaN | AL56: NaN | AM56: NaN | AN56: 31.3946 | AO56: 37.0302 | AP56: NaN | AQ56: 6.59849 | AR56: 5.73001 | AS56: NaN | AT56: 0.0115 | AU56: 37.6665 | AV56: NaN | AW56: 514.39 | AX56: 703.598 | AY56: NaN
A57: CPU | B57: det_seg | C57: 26 | D57: 1 | E57: 1 | F57: 0 | G57: 1 | H57: 1 | I57: 1 | J57: 1 | K57: 1 | L57: 1 | M57: 0 | N57: 0 | O57: 0 | P57: 0 | Q57: 505.356 | R57: 656.349 | S57: NaN | T57: 41.6107 | U57: 19.219 | V57: 8400 | W57: 6174 | X57: 99.999 | Y57: 33.523 | Z57: 0.001 | AA57: 37.1155 | AB57: 17.665 | AC57: 17.444 | AD57: 39.632 | AE57: 0.597 | AF57: 16.795 | AG57: 66.747 | AH57: 433.532 | AI57: 0.739 | AJ57: NaN | AK57: NaN | AL57: NaN | AM57: NaN | AN57: 31.3246 | AO57: 36.9437 | AP57: NaN | AQ57: 6.41469 | AR57: 5.67663 | AS57: NaN | AT57: 0.0143564 | AU57: 37.7482 | AV57: NaN | AW57: 511.785 | AX57: 699.774 | AY57: NaN
A58: CPU | B58: det_seg | C58: 27 | D58: 1 | E58: 1 | F58: 0 | G58: 1 | H58: 1 | I58: 1 | J58: 1 | K58: 1 | L58: 1 | M58: 0 | N58: 0 | O58: 0 | P58: 0 | Q58: 507.901 | R58: 659.346 | S58: NaN | T58: 41.6358 | U58: 19.4755 | V58: 8294 | W58: 6533 | X58: 100 | Y58: 33.237 | Z58: 0.001 | AA58: 37.2749 | AB58: 17.941 | AC58: 17.547 | AD58: 35.096 | AE58: 0.608 | AF58: 16.602 | AG58: 69.186 | AH58: 481.863 | AI58: 0.734 | AJ58: NaN | AK58: NaN | AL58: NaN | AM58: NaN | AN58: 31.3961 | AO58: 37.1032 | AP58: NaN | AQ58: 6.54671 | AR58: 5.72751 | AS58: NaN | AT58: 0.014512 | AU58: 37.6431 | AV58: NaN | AW58: 514.462 | AX58: 702.716 | AY58: NaN
A59: CPU | B59: det_pose | C59: 7 | D59: 1 | E59: 0 | F59: 1 | G59: 1 | H59: 1 | I59: 1 | J59: 1 | K59: 1 | L59: 1 | M59: 0 | N59: 0 | O59: 0 | P59: 0 | Q59: 600.662 | R59: NaN | S59: 506.309 | T59: 27.0984 | U59: 11.5926 | V59: 7815 | W59: 4418 | X59: NaN | Y59: NaN | Z59: NaN | AA59: 36.999 | AB59: NaN | AC59: NaN | AD59: NaN | AE59: NaN | AF59: NaN | AG59: NaN | AH59: NaN | AI59: NaN | AJ59: NaN | AK59: NaN | AL59: NaN | AM59: NaN | AN59: 36.9855 | AO59: NaN | AP59: 36.9567 | AQ59: 5.69384 | AR59: NaN | AS59: 5.63348 | AT59: 0.00773233 | AU59: NaN | AV59: 0.157653 | AW59: 606.364 | AX59: NaN | AY59: 512.1
A60: CPU | B60: det_pose | C60: 8 | D60: 1 | E60: 0 | F60: 1 | G60: 1 | H60: 1 | I60: 1 | J60: 1 | K60: 1 | L60: 1 | M60: 0 | N60: 0 | O60: 0 | P60: 0 | Q60: 603.703 | R60: NaN | S60: 509.202 | T60: 27.2353 | U60: 11.5837 | V60: 7865 | W60: 3722 | X60: NaN | Y60: NaN | Z60: NaN | AA60: 37.1858 | AB60: NaN | AC60: NaN | AD60: NaN | AE60: NaN | AF60: NaN | AG60: NaN | AH60: NaN | AI60: NaN | AJ60: NaN | AK60: NaN | AL60: NaN | AM60: NaN | AN60: 37.1713 | AO60: NaN | AP60: 37.1466 | AQ60: 5.72954 | AR60: NaN | AS60: 5.60131 | AT60: 0.00743087 | AU60: NaN | AV60: 0.162379 | AW60: 609.44 | AX60: NaN | AY60: 514.966
A61: CPU | B61: det_pose | C61: 9 | D61: 1 | E61: 0 | F61: 1 | G61: 1 | H61: 1 | I61: 1 | J61: 1 | K61: 1 | L61: 1 | M61: 0 | N61: 0 | O61: 0 | P61: 0 | Q61: 604.369 | R61: NaN | S61: 511.079 | T61: 27.0061 | U61: 11.4838 | V61: 7913 | W61: 2989 | X61: NaN | Y61: NaN | Z61: NaN | AA61: 37.2963 | AB61: NaN | AC61: NaN | AD61: NaN | AE61: NaN | AF61: NaN | AG61: NaN | AH61: NaN | AI61: NaN | AJ61: NaN | AK61: NaN | AL61: NaN | AM61: NaN | AN61: 37.2201 | AO61: NaN | AP61: 37.2783 | AQ61: 5.52023 | AR61: NaN | AS61: 5.47894 | AT61: 0.00916271 | AU61: NaN | AV61: 0.154448 | AW61: 609.898 | AX61: NaN | AY61: 516.713
A62: CPU | B62: det_pose | C62: 28 | D62: 1 | E62: 0 | F62: 1 | G62: 1 | H62: 1 | I62: 1 | J62: 1 | K62: 1 | L62: 1 | M62: 0 | N62: 0 | O62: 0 | P62: 0 | Q62: 530.594 | R62: NaN | S62: 445.586 | T62: 26.5149 | U62: 18.5541 | V62: 7867 | W62: 3117 | X62: 99.999 | Y62: 39.093 | Z62: 0.001 | AA62: 32.5085 | AB62: 19.53 | AC62: 15.351 | AD62: 22.969 | AE62: 0.522 | AF62: NaN | AG62: NaN | AH62: NaN | AI62: NaN | AJ62: 19.563 | AK62: 15.29 | AL62: 45.697 | AM62: 0.577 | AN62: 32.4948 | AO62: NaN | AP62: 32.4839 | AQ62: 5.51886 | AR62: NaN | AS62: 5.57384 | AT62: 0.00716497 | AU62: NaN | AV62: 0.156354 | AW62: 536.12 | AX62: NaN | AY62: 451.316
A63: CPU | B63: det_pose | C63: 29 | D63: 1 | E63: 0 | F63: 1 | G63: 1 | H63: 1 | I63: 1 | J63: 1 | K63: 1 | L63: 1 | M63: 0 | N63: 0 | O63: 0 | P63: 0 | Q63: 528.251 | R63: NaN | S63: 443.545 | T63: 26.5689 | U63: 18.5817 | V63: 7889 | W63: 3819 | X63: 99.986 | Y63: 39.424 | Z63: 0.013 | AA63: 32.3833 | AB63: 19.695 | AC63: 15.232 | AD63: 23.778 | AE63: 0.538 | AF63: NaN | AG63: NaN | AH63: NaN | AI63: NaN | AJ63: 19.729 | AK63: 15.283 | AL63: 42.211 | AM63: 0.593 | AN63: 32.3694 | AO63: NaN | AP63: 32.3586 | AQ63: 5.71912 | AR63: NaN | AS63: 5.7683 | AT63: 0.00955232 | AU63: NaN | AV63: 0.167798 | AW63: 533.979 | AX63: NaN | AY63: 449.481
A64: CPU | B64: det_pose | C64: 30 | D64: 1 | E64: 0 | F64: 1 | G64: 1 | H64: 1 | I64: 1 | J64: 1 | K64: 1 | L64: 1 | M64: 0 | N64: 0 | O64: 0 | P64: 0 | Q64: 528.816 | R64: NaN | S64: 443.957 | T64: 26.3529 | U64: 18.6046 | V64: 7911 | W64: 3799 | X64: 99.998 | Y64: 39.354 | Z64: 0.001 | AA64: 32.3986 | AB64: 19.66 | AC64: 15.359 | AD64: 23.479 | AE64: 0.524 | AF64: NaN | AG64: NaN | AH64: NaN | AI64: NaN | AJ64: 19.694 | AK64: 15.069 | AL64: 38.213 | AM64: 0.561 | AN64: 32.3843 | AO64: NaN | AP64: 32.3745 | AQ64: 5.48056 | AR64: NaN | AS64: 5.56027 | AT64: 0.00804648 | AU64: NaN | AV64: 0.155514 | AW64: 534.305 | AX64: NaN | AY64: 449.673
A65: CPU | B65: det_seg_pose | C65: 10 | D65: 1 | E65: 1 | F65: 1 | G65: 1 | H65: 1 | I65: 1 | J65: 1 | K65: 1 | L65: 1 | M65: 0 | N65: 0 | O65: 0 | P65: 0 | Q65: 1536.89 | R65: 1303.99 | S65: 1285.92 | T65: 33.3976 | U65: 13.5772 | V65: 14945 | W65: 8865 | X65: 100 | Y65: 19.909 | Z65: 0 | AA65: 93.9967 | AB65: 6.625 | AC65: 20.218 | AD65: 40.756 | AE65: 0.594 | AF65: 6.636 | AG65: 36.711 | AH65: 86.947 | AI65: 0.577 | AJ65: 6.636 | AK65: 20.56 | AL65: 98.597 | AM65: 0.597 | AN65: 93.7566 | AO65: 93.8268 | AP65: 93.7481 | AQ65: 5.81084 | AR65: 5.16821 | AS65: 6.3912 | AT65: 0.00865411 | AU65: 38.6321 | AV65: 0.154218 | AW65: 1542.71 | AX65: 1347.79 | AY65: 1292.46
A66: CPU | B66: det_seg_pose | C66: 11 | D66: 1 | E66: 1 | F66: 1 | G66: 1 | H66: 1 | I66: 1 | J66: 1 | K66: 1 | L66: 1 | M66: 0 | N66: 0 | O66: 0 | P66: 0 | Q66: 1542.02 | R66: 1307.74 | S66: 1290.33 | T66: 33.4106 | U66: 12.8616 | V66: 14899 | W66: 8304 | X66: 100 | Y66: 19.727 | Z66: 0.001 | AA66: 94.3236 | AB66: 6.568 | AC66: 20.363 | AD66: 39.116 | AE66: 0.581 | AF66: 6.579 | AG66: 36.814 | AH66: 74.153 | AI66: 0.584 | AJ66: 6.579 | AK66: 21.052 | AL66: 98.65 | AM66: 0.615 | AN66: 94.0686 | AO66: 94.1503 | AP66: 94.0612 | AQ66: 5.7659 | AR66: 5.16404 | AS66: 6.24405 | AT66: 0.00812919 | AU66: 38.4717 | AV66: 0.154389 | AW66: 1547.8 | AX66: 1351.38 | AY66: 1296.72
A67: CPU | B67: det_seg_pose | C67: 12 | D67: 1 | E67: 1 | F67: 1 | G67: 1 | H67: 1 | I67: 1 | J67: 1 | K67: 1 | L67: 1 | M67: 0 | N67: 0 | O67: 0 | P67: 0 | Q67: 1541.91 | R67: 1307.96 | S67: 1290.22 | T67: 33.806 | U67: 13.413 | V67: 14786 | W67: 9308 | X67: 99.997 | Y67: 19.731 | Z67: 0.003 | AA67: 94.3205 | AB67: 6.569 | AC67: 20.286 | AD67: 42.74 | AE67: 0.588 | AF67: 6.581 | AG67: 36.985 | AH67: 71.609 | AI67: 0.586 | AJ67: 6.569 | AK67: 19.701 | AL67: 99.387 | AM67: 0.602 | AN67: 94.07 | AO67: 94.1486 | AP67: 94.0605 | AQ67: 5.75117 | AR67: 5.14749 | AS67: 6.28093 | AT67: 0.0121653 | AU67: 38.5851 | AV67: 0.152778 | AW67: 1547.68 | AX67: 1351.69 | AY67: 1296.66

Sheet 케이스별_평균
A1: postprocess_engine | B1: combo | C1: n_total_rows | D1: n_hrtt_rows | E1: use_det_avg | F1: use_seg_avg | G1: use_pose_avg | H1: batch_det_avg | I1: batch_seg_avg | J1: batch_pose_avg | K1: threshold_det_avg | L1: threshold_seg_avg | M1: threshold_pose_avg | N1: timeout_ms_avg | O1: priority_det_avg | P1: priority_seg_avg | Q1: priority_pose_avg | R1: det_latency_ms_avg | S1: seg_latency_ms_avg | T1: pose_latency_ms_avg | U1: cpu_percent_avg | V1: mem_percent_avg | W1: voluntary_ctx_switches_avg | X1: nonvoluntary_ctx_switches_avg | Y1: npu_percent_avg | Z1: switches_per_s_avg | AA1: idle_time_pct_avg | AB1: run_time_s_avg | AC1: avg_fps_det_avg | AD1: avg_latency_det_avg | AE1: max_latency_det_avg | AF1: activation_det_avg | AG1: avg_fps_seg_avg | AH1: avg_latency_seg_avg | AI1: max_latency_seg_avg | AJ1: activation_seg_avg | AK1: avg_fps_pose_avg | AL1: avg_latency_pose_avg | AM1: max_latency_pose_avg | AN1: activation_pose_avg | AO1: total_time_det_s_avg | AP1: total_time_seg_s_avg | AQ1: total_time_pose_s_avg | AR1: avg_preprocess_ms_det_avg | AS1: avg_preprocess_ms_seg_avg | AT1: avg_preprocess_ms_pose_avg | AU1: postprocess_ms_det_avg | AV1: postprocess_ms_seg_avg | AW1: postprocess_ms_pose_avg | AX1: total_time_ms_det_avg | AY1: total_time_ms_seg_avg | AZ1: total_time_ms_pose_avg
A2: NPU | B2: det | C2: =COUNTIFS(전체!$A$2:$A$67,$A2,전체!$B$2:$B$67,$B2) -> 18 | D2: =COUNTIFS(전체!$A$2:$A$67,$A2,전체!$B$2:$B$67,$B2,전체!$X$2:$X$67,"<>NaN") -> 3 | E2: =IFERROR(AVERAGEIFS(전체!$D$2:$D$67,전체!$A$2:$A$67,$A2,전체!$B$2:$B$67,$B2),"-") -> 1 | F2: =IFERROR(AVERAGEIFS(전체!$E$2:$E$67,전체!$A$2:$A$67,$A2,전체!$B$2:$B$67,$B2),"-") -> 0 | G2: =IFERROR(AVERAGEIFS(전체!$F$2:$F$67,전체!$A$2:$A$67,$A2,전체!$B$2:$B$67,$B2),"-") -> 0 | H2: =IFERROR(AVERAGEIFS(전체!$G$2:$G$67,전체!$A$2:$A$67,$A2,전체!$B$2:$B$67,$B2),"-") -> 1 | I2: =IFERROR(AVERAGEIFS(전체!$H$2:$H$67,전체!$A$2:$A$67,$A2,전체!$B$2:$B$67,$B2),"-") -> 1 | J2: =IFERROR(AVERAGEIFS(전체!$I$2:$I$67,전체!$A$2:$A$67,$A2,전체!$B$2:$B$67,$B2),"-") -> 1 | K2: =IFERROR(AVERAGEIFS(전체!$J$2:$J$67,전체!$A$2:$A$67,$A2,전체!$B$2:$B$67,$B2),"-") -> 1 | L2: =IFERROR(AVERAGEIFS(전체!$K$2:$K$67,전체!$A$2:$A$67,$A2,전체!$B$2:$B$67,$B2),"-") -> 1 | M2: =IFERROR(AVERAGEIFS(전체!$L$2:$L$67,전체!$A$2:$A$67,$A2,전체!$B$2:$B$67,$B2),"-") -> 1 | N2: =IFERROR(AVERAGEIFS(전체!$M$2:$M$67,전체!$A$2:$A$67,$A2,전체!$B$2:$B$67,$B2),"-") -> 0 | O2: =IFERROR(AVERAGEIFS(전체!$N$2:$N$67,전체!$A$2:$A$67,$A2,전체!$B$2:$B$67,$B2),"-") -> 0 | P2: =IFERROR(AVERAGEIFS(전체!$O$2:$O$67,전체!$A$2:$A$67,$A2,전체!$B$2:$B$67,$B2),"-") -> 0 | Q2: =IFERROR(AVERAGEIFS(전체!$P$2:$P$67,전체!$A$2:$A$67,$A2,전체!$B$2:$B$67,$B2),"-") -> 0 | R2: =IFERROR(AVERAGEIFS(전체!$Q$2:$Q$67,전체!$A$2:$A$67,$A2,전체!$B$2:$B$67,$B2),"-") -> 152.77122 | S2: =IFERROR(AVERAGEIFS(전체!$R$2:$R$67,전체!$A$2:$A$67,$A2,전체!$B$2:$B$67,$B2),"-") -> - | T2: =IFERROR(AVERAGEIFS(전체!$S$2:$S$67,전체!$A$2:$A$67,$A2,전체!$B$2:$B$67,$B2),"-") -> - | U2: =IFERROR(AVERAGEIFS(전체!$T$2:$T$67,전체!$A$2:$A$67,$A2,전체!$B$2:$B$67,$B2),"-") -> 23.096378 | V2: =IFERROR(AVERAGEIFS(전체!$U$2:$U$67,전체!$A$2:$A$67,$A2,전체!$B$2:$B$67,$B2),"-") -> 25.7646 | W2: =IFERROR(AVERAGEIFS(전체!$V$2:$V$67,전체!$A$2:$A$67,$A2,전체!$B$2:$B$67,$B2),"-") -> 1336.3333 | X2: =IFERROR(AVERAGEIFS(전체!$W$2:$W$67,전체!$A$2:$A$67,$A2,전체!$B$2:$B$67,$B2),"-") -> 717.05556 | Y2: =IFERROR(AVERAGEIFS(전체!$X$2:$X$67,전체!$A$2:$A$67,$A2,전체!$B$2:$B$67,$B2),"-") -> 99.336667 | Z2: =IFERROR(AVERAGEIFS(전체!$Y$2:$Y$67,전체!$A$2:$A$67,$A2,전체!$B$2:$B$67,$B2),"-") -> 0.35866667 | AA2: =IFERROR(AVERAGEIFS(전체!$Z$2:$Z$67,전체!$A$2:$A$67,$A2,전체!$B$2:$B$67,$B2),"-") -> 0.66333333 | AB2: =IFERROR(AVERAGEIFS(전체!$AA$2:$AA$67,전체!$A$2:$A$67,$A2,전체!$B$2:$B$67,$B2),"-") -> 9.6228178 | AC2: =IFERROR(AVERAGEIFS(전체!$AB$2:$AB$67,전체!$A$2:$A$67,$A2,전체!$B$2:$B$67,$B2),"-") -> 69.518333 | AD2: =IFERROR(AVERAGEIFS(전체!$AC$2:$AC$67,전체!$A$2:$A$67,$A2,전체!$B$2:$B$67,$B2),"-") -> 111.06867 | AE2: =IFERROR(AVERAGEIFS(전체!$AD$2:$AD$67,전체!$A$2:$A$67,$A2,전체!$B$2:$B$67,$B2),"-") -> 116.466 | AF2: =IFERROR(AVERAGEIFS(전체!$AE$2:$AE$67,전체!$A$2:$A$67,$A2,전체!$B$2:$B$67,$B2),"-") -> 18.502333 | AG2: =IFERROR(AVERAGEIFS(전체!$AF$2:$AF$67,전체!$A$2:$A$67,$A2,전체!$B$2:$B$67,$B2),"-") -> - | AH2: =IFERROR(AVERAGEIFS(전체!$AG$2:$AG$67,전체!$A$2:$A$67,$A2,전체!$B$2:$B$67,$B2),"-") -> - | AI2: =IFERROR(AVERAGEIFS(전체!$AH$2:$AH$67,전체!$A$2:$A$67,$A2,전체!$B$2:$B$67,$B2),"-") -> - | AJ2: =IFERROR(AVERAGEIFS(전체!$AI$2:$AI$67,전체!$A$2:$A$67,$A2,전체!$B$2:$B$67,$B2),"-") -> - | AK2: =IFERROR(AVERAGEIFS(전체!$AJ$2:$AJ$67,전체!$A$2:$A$67,$A2,전체!$B$2:$B$67,$B2),"-") -> - | AL2: =IFERROR(AVERAGEIFS(전체!$AK$2:$AK$67,전체!$A$2:$A$67,$A2,전체!$B$2:$B$67,$B2),"-") -> - | AM2: =IFERROR(AVERAGEIFS(전체!$AL$2:$AL$67,전체!$A$2:$A$67,$A2,전체!$B$2:$B$67,$B2),"-") -> - | AN2: =IFERROR(AVERAGEIFS(전체!$AM$2:$AM$67,전체!$A$2:$A$67,$A2,전체!$B$2:$B$67,$B2),"-") -> - | AO2: =IFERROR(AVERAGEIFS(전체!$AN$2:$AN$67,전체!$A$2:$A$67,$A2,전체!$B$2:$B$67,$B2),"-") -> 9.6105722 | AP2: =IFERROR(AVERAGEIFS(전체!$AO$2:$AO$67,전체!$A$2:$A$67,$A2,전체!$B$2:$B$67,$B2),"-") -> - | AQ2: =IFERROR(AVERAGEIFS(전체!$AP$2:$AP$67,전체!$A$2:$A$67,$A2,전체!$B$2:$B$67,$B2),"-") -> - | AR2: =IFERROR(AVERAGEIFS(전체!$AQ$2:$AQ$67,전체!$A$2:$A$67,$A2,전체!$B$2:$B$67,$B2),"-") -> 4.9839933 | AS2: =IFERROR(AVERAGEIFS(전체!$AR$2:$AR$67,전체!$A$2:$A$67,$A2,전체!$B$2:$B$67,$B2),"-") -> - | AT2: =IFERROR(AVERAGEIFS(전체!$AS$2:$AS$67,전체!$A$2:$A$67,$A2,전체!$B$2:$B$67,$B2),"-") -> - | AU2: =IFERROR(AVERAGEIFS(전체!$AT$2:$AT$67,전체!$A$2:$A$67,$A2,전체!$B$2:$B$67,$B2),"-") -> 0.010174079 | AV2: =IFERROR(AVERAGEIFS(전체!$AU$2:$AU$67,전체!$A$2:$A$67,$A2,전체!$B$2:$B$67,$B2),"-") -> - | AW2: =IFERROR(AVERAGEIFS(전체!$AV$2:$AV$67,전체!$A$2:$A$67,$A2,전체!$B$2:$B$67,$B2),"-") -> - | AX2: =IFERROR(AVERAGEIFS(전체!$AW$2:$AW$67,전체!$A$2:$A$67,$A2,전체!$B$2:$B$67,$B2),"-") -> 157.76528 | AY2: =IFERROR(AVERAGEIFS(전체!$AX$2:$AX$67,전체!$A$2:$A$67,$A2,전체!$B$2:$B$67,$B2),"-") -> - | AZ2: =IFERROR(AVERAGEIFS(전체!$AY$2:$AY$67,전체!$A$2:$A$67,$A2,전체!$B$2:$B$67,$B2),"-") -> -
A3: NPU | B3: det_seg | C3: =COUNTIFS(전체!$A$2:$A$67,$A3,전체!$B$2:$B$67,$B3) -> 6 | D3: =COUNTIFS(전체!$A$2:$A$67,$A3,전체!$B$2:$B$67,$B3,전체!$X$2:$X$67,"<>NaN") -> 3 | E3: =IFERROR(AVERAGEIFS(전체!$D$2:$D$67,전체!$A$2:$A$67,$A3,전체!$B$2:$B$67,$B3),"-") -> 1 | F3: =IFERROR(AVERAGEIFS(전체!$E$2:$E$67,전체!$A$2:$A$67,$A3,전체!$B$2:$B$67,$B3),"-") -> 1 | G3: =IFERROR(AVERAGEIFS(전체!$F$2:$F$67,전체!$A$2:$A$67,$A3,전체!$B$2:$B$67,$B3),"-") -> 0 | H3: =IFERROR(AVERAGEIFS(전체!$G$2:$G$67,전체!$A$2:$A$67,$A3,전체!$B$2:$B$67,$B3),"-") -> 1 | I3: =IFERROR(AVERAGEIFS(전체!$H$2:$H$67,전체!$A$2:$A$67,$A3,전체!$B$2:$B$67,$B3),"-") -> 1 | J3: =IFERROR(AVERAGEIFS(전체!$I$2:$I$67,전체!$A$2:$A$67,$A3,전체!$B$2:$B$67,$B3),"-") -> 1 | K3: =IFERROR(AVERAGEIFS(전체!$J$2:$J$67,전체!$A$2:$A$67,$A3,전체!$B$2:$B$67,$B3),"-") -> 1 | L3: =IFERROR(AVERAGEIFS(전체!$K$2:$K$67,전체!$A$2:$A$67,$A3,전체!$B$2:$B$67,$B3),"-") -> 1 | M3: =IFERROR(AVERAGEIFS(전체!$L$2:$L$67,전체!$A$2:$A$67,$A3,전체!$B$2:$B$67,$B3),"-") -> 1 | N3: =IFERROR(AVERAGEIFS(전체!$M$2:$M$67,전체!$A$2:$A$67,$A3,전체!$B$2:$B$67,$B3),"-") -> 0 | O3: =IFERROR(AVERAGEIFS(전체!$N$2:$N$67,전체!$A$2:$A$67,$A3,전체!$B$2:$B$67,$B3),"-") -> 0 | P3: =IFERROR(AVERAGEIFS(전체!$O$2:$O$67,전체!$A$2:$A$67,$A3,전체!$B$2:$B$67,$B3),"-") -> 0 | Q3: =IFERROR(AVERAGEIFS(전체!$P$2:$P$67,전체!$A$2:$A$67,$A3,전체!$B$2:$B$67,$B3),"-") -> 0 | R3: =IFERROR(AVERAGEIFS(전체!$Q$2:$Q$67,전체!$A$2:$A$67,$A3,전체!$B$2:$B$67,$B3),"-") -> 700.20033 | S3: =IFERROR(AVERAGEIFS(전체!$R$2:$R$67,전체!$A$2:$A$67,$A3,전체!$B$2:$B$67,$B3),"-") -> 734.76717 | T3: =IFERROR(AVERAGEIFS(전체!$S$2:$S$67,전체!$A$2:$A$67,$A3,전체!$B$2:$B$67,$B3),"-") -> - | U3: =IFERROR(AVERAGEIFS(전체!$T$2:$T$67,전체!$A$2:$A$67,$A3,전체!$B$2:$B$67,$B3),"-") -> 42.185433 | V3: =IFERROR(AVERAGEIFS(전체!$U$2:$U$67,전체!$A$2:$A$67,$A3,전체!$B$2:$B$67,$B3),"-") -> 23.951983 | W3: =IFERROR(AVERAGEIFS(전체!$V$2:$V$67,전체!$A$2:$A$67,$A3,전체!$B$2:$B$67,$B3),"-") -> 8218.8333 | X3: =IFERROR(AVERAGEIFS(전체!$W$2:$W$67,전체!$A$2:$A$67,$A3,전체!$B$2:$B$67,$B3),"-") -> 5343.3333 | Y3: =IFERROR(AVERAGEIFS(전체!$X$2:$X$67,전체!$A$2:$A$67,$A3,전체!$B$2:$B$67,$B3),"-") -> 99.943333 | Z3: =IFERROR(AVERAGEIFS(전체!$Y$2:$Y$67,전체!$A$2:$A$67,$A3,전체!$B$2:$B$67,$B3),"-") -> 27.686 | AA3: =IFERROR(AVERAGEIFS(전체!$Z$2:$Z$67,전체!$A$2:$A$67,$A3,전체!$B$2:$B$67,$B3),"-") -> 0.056666667 | AB3: =IFERROR(AVERAGEIFS(전체!$AA$2:$AA$67,전체!$A$2:$A$67,$A3,전체!$B$2:$B$67,$B3),"-") -> 52.266067 | AC3: =IFERROR(AVERAGEIFS(전체!$AB$2:$AB$67,전체!$A$2:$A$67,$A3,전체!$B$2:$B$67,$B3),"-") -> 13.831667 | AD3: =IFERROR(AVERAGEIFS(전체!$AC$2:$AC$67,전체!$A$2:$A$67,$A3,전체!$B$2:$B$67,$B3),"-") -> 23.702 | AE3: =IFERROR(AVERAGEIFS(전체!$AD$2:$AD$67,전체!$A$2:$A$67,$A3,전체!$B$2:$B$67,$B3),"-") -> 32.451667 | AF3: =IFERROR(AVERAGEIFS(전체!$AE$2:$AE$67,전체!$A$2:$A$67,$A3,전체!$B$2:$B$67,$B3),"-") -> 16.419 | AG3: =IFERROR(AVERAGEIFS(전체!$AF$2:$AF$67,전체!$A$2:$A$67,$A3,전체!$B$2:$B$67,$B3),"-") -> 13.820333 | AH3: =IFERROR(AVERAGEIFS(전체!$AG$2:$AG$67,전체!$A$2:$A$67,$A3,전체!$B$2:$B$67,$B3),"-") -> 25.383333 | AI3: =IFERROR(AVERAGEIFS(전체!$AH$2:$AH$67,전체!$A$2:$A$67,$A3,전체!$B$2:$B$67,$B3),"-") -> 182.39733 | AJ3: =IFERROR(AVERAGEIFS(전체!$AI$2:$AI$67,전체!$A$2:$A$67,$A3,전체!$B$2:$B$67,$B3),"-") -> 2.1166667 | AK3: =IFERROR(AVERAGEIFS(전체!$AJ$2:$AJ$67,전체!$A$2:$A$67,$A3,전체!$B$2:$B$67,$B3),"-") -> - | AL3: =IFERROR(AVERAGEIFS(전체!$AK$2:$AK$67,전체!$A$2:$A$67,$A3,전체!$B$2:$B$67,$B3),"-") -> - | AM3: =IFERROR(AVERAGEIFS(전체!$AL$2:$AL$67,전체!$A$2:$A$67,$A3,전체!$B$2:$B$67,$B3),"-") -> - | AN3: =IFERROR(AVERAGEIFS(전체!$AM$2:$AM$67,전체!$A$2:$A$67,$A3,전체!$B$2:$B$67,$B3),"-") -> - | AO3: =IFERROR(AVERAGEIFS(전체!$AN$2:$AN$67,전체!$A$2:$A$67,$A3,전체!$B$2:$B$67,$B3),"-") -> 52.100667 | AP3: =IFERROR(AVERAGEIFS(전체!$AO$2:$AO$67,전체!$A$2:$A$67,$A3,전체!$B$2:$B$67,$B3),"-") -> 52.094167 | AQ3: =IFERROR(AVERAGEIFS(전체!$AP$2:$AP$67,전체!$A$2:$A$67,$A3,전체!$B$2:$B$67,$B3),"-") -> - | AR3: =IFERROR(AVERAGEIFS(전체!$AQ$2:$AQ$67,전체!$A$2:$A$67,$A3,전체!$B$2:$B$67,$B3),"-") -> 5.5863 | AS3: =IFERROR(AVERAGEIFS(전체!$AR$2:$AR$67,전체!$A$2:$A$67,$A3,전체!$B$2:$B$67,$B3),"-") -> 5.16355 | AT3: =IFERROR(AVERAGEIFS(전체!$AS$2:$AS$67,전체!$A$2:$A$67,$A3,전체!$B$2:$B$67,$B3),"-") -> - | AU3: =IFERROR(AVERAGEIFS(전체!$AT$2:$AT$67,전체!$A$2:$A$67,$A3,전체!$B$2:$B$67,$B3),"-") -> 0.010595033 | AV3: =IFERROR(AVERAGEIFS(전체!$AU$2:$AU$67,전체!$A$2:$A$67,$A3,전체!$B$2:$B$67,$B3),"-") -> 37.427283 | AW3: =IFERROR(AVERAGEIFS(전체!$AV$2:$AV$67,전체!$A$2:$A$67,$A3,전체!$B$2:$B$67,$B3),"-") -> - | AX3: =IFERROR(AVERAGEIFS(전체!$AW$2:$AW$67,전체!$A$2:$A$67,$A3,전체!$B$2:$B$67,$B3),"-") -> 705.797 | AY3: =IFERROR(AVERAGEIFS(전체!$AX$2:$AX$67,전체!$A$2:$A$67,$A3,전체!$B$2:$B$67,$B3),"-") -> 777.358 | AZ3: =IFERROR(AVERAGEIFS(전체!$AY$2:$AY$67,전체!$A$2:$A$67,$A3,전체!$B$2:$B$67,$B3),"-") -> -
A4: NPU | B4: det_pose | C4: =COUNTIFS(전체!$A$2:$A$67,$A4,전체!$B$2:$B$67,$B4) -> 6 | D4: =COUNTIFS(전체!$A$2:$A$67,$A4,전체!$B$2:$B$67,$B4,전체!$X$2:$X$67,"<>NaN") -> 3 | E4: =IFERROR(AVERAGEIFS(전체!$D$2:$D$67,전체!$A$2:$A$67,$A4,전체!$B$2:$B$67,$B4),"-") -> 1 | F4: =IFERROR(AVERAGEIFS(전체!$E$2:$E$67,전체!$A$2:$A$67,$A4,전체!$B$2:$B$67,$B4),"-") -> 0 | G4: =IFERROR(AVERAGEIFS(전체!$F$2:$F$67,전체!$A$2:$A$67,$A4,전체!$B$2:$B$67,$B4),"-") -> 1 | H4: =IFERROR(AVERAGEIFS(전체!$G$2:$G$67,전체!$A$2:$A$67,$A4,전체!$B$2:$B$67,$B4),"-") -> 1 | I4: =IFERROR(AVERAGEIFS(전체!$H$2:$H$67,전체!$A$2:$A$67,$A4,전체!$B$2:$B$67,$B4),"-") -> 1 | J4: =IFERROR(AVERAGEIFS(전체!$I$2:$I$67,전체!$A$2:$A$67,$A4,전체!$B$2:$B$67,$B4),"-") -> 1 | K4: =IFERROR(AVERAGEIFS(전체!$J$2:$J$67,전체!$A$2:$A$67,$A4,전체!$B$2:$B$67,$B4),"-") -> 1 | L4: =IFERROR(AVERAGEIFS(전체!$K$2:$K$67,전체!$A$2:$A$67,$A4,전체!$B$2:$B$67,$B4),"-") -> 1 | M4: =IFERROR(AVERAGEIFS(전체!$L$2:$L$67,전체!$A$2:$A$67,$A4,전체!$B$2:$B$67,$B4),"-") -> 1 | N4: =IFERROR(AVERAGEIFS(전체!$M$2:$M$67,전체!$A$2:$A$67,$A4,전체!$B$2:$B$67,$B4),"-") -> 0 | O4: =IFERROR(AVERAGEIFS(전체!$N$2:$N$67,전체!$A$2:$A$67,$A4,전체!$B$2:$B$67,$B4),"-") -> 0 | P4: =IFERROR(AVERAGEIFS(전체!$O$2:$O$67,전체!$A$2:$A$67,$A4,전체!$B$2:$B$67,$B4),"-") -> 0 | Q4: =IFERROR(AVERAGEIFS(전체!$P$2:$P$67,전체!$A$2:$A$67,$A4,전체!$B$2:$B$67,$B4),"-") -> 0 | R4: =IFERROR(AVERAGEIFS(전체!$Q$2:$Q$67,전체!$A$2:$A$67,$A4,전체!$B$2:$B$67,$B4),"-") -> 613.7645 | S4: =IFERROR(AVERAGEIFS(전체!$R$2:$R$67,전체!$A$2:$A$67,$A4,전체!$B$2:$B$67,$B4),"-") -> - | T4: =IFERROR(AVERAGEIFS(전체!$S$2:$S$67,전체!$A$2:$A$67,$A4,전체!$B$2:$B$67,$B4),"-") -> 615.78633 | U4: =IFERROR(AVERAGEIFS(전체!$T$2:$T$67,전체!$A$2:$A$67,$A4,전체!$B$2:$B$67,$B4),"-") -> 30.63985 | V4: =IFERROR(AVERAGEIFS(전체!$U$2:$U$67,전체!$A$2:$A$67,$A4,전체!$B$2:$B$67,$B4),"-") -> 23.422967 | W4: =IFERROR(AVERAGEIFS(전체!$V$2:$V$67,전체!$A$2:$A$67,$A4,전체!$B$2:$B$67,$B4),"-") -> 7746.8333 | X4: =IFERROR(AVERAGEIFS(전체!$W$2:$W$67,전체!$A$2:$A$67,$A4,전체!$B$2:$B$67,$B4),"-") -> 3167.8333 | Y4: =IFERROR(AVERAGEIFS(전체!$X$2:$X$67,전체!$A$2:$A$67,$A4,전체!$B$2:$B$67,$B4),"-") -> 99.915333 | Z4: =IFERROR(AVERAGEIFS(전체!$Y$2:$Y$67,전체!$A$2:$A$67,$A4,전체!$B$2:$B$67,$B4),"-") -> 30.919 | AA4: =IFERROR(AVERAGEIFS(전체!$Z$2:$Z$67,전체!$A$2:$A$67,$A4,전체!$B$2:$B$67,$B4),"-") -> 0.085 | AB4: =IFERROR(AVERAGEIFS(전체!$AA$2:$AA$67,전체!$A$2:$A$67,$A4,전체!$B$2:$B$67,$B4),"-") -> 45.593183 | AC4: =IFERROR(AVERAGEIFS(전체!$AB$2:$AB$67,전체!$A$2:$A$67,$A4,전체!$B$2:$B$67,$B4),"-") -> 15.459333 | AD4: =IFERROR(AVERAGEIFS(전체!$AC$2:$AC$67,전체!$A$2:$A$67,$A4,전체!$B$2:$B$67,$B4),"-") -> 23.109333 | AE4: =IFERROR(AVERAGEIFS(전체!$AD$2:$AD$67,전체!$A$2:$A$67,$A4,전체!$B$2:$B$67,$B4),"-") -> 26.664 | AF4: =IFERROR(AVERAGEIFS(전체!$AE$2:$AE$67,전체!$A$2:$A$67,$A4,전체!$B$2:$B$67,$B4),"-") -> 15.011 | AG4: =IFERROR(AVERAGEIFS(전체!$AF$2:$AF$67,전체!$A$2:$A$67,$A4,전체!$B$2:$B$67,$B4),"-") -> - | AH4: =IFERROR(AVERAGEIFS(전체!$AG$2:$AG$67,전체!$A$2:$A$67,$A4,전체!$B$2:$B$67,$B4),"-") -> - | AI4: =IFERROR(AVERAGEIFS(전체!$AH$2:$AH$67,전체!$A$2:$A$67,$A4,전체!$B$2:$B$67,$B4),"-") -> - | AJ4: =IFERROR(AVERAGEIFS(전체!$AI$2:$AI$67,전체!$A$2:$A$67,$A4,전체!$B$2:$B$67,$B4),"-") -> - | AK4: =IFERROR(AVERAGEIFS(전체!$AJ$2:$AJ$67,전체!$A$2:$A$67,$A4,전체!$B$2:$B$67,$B4),"-") -> 15.437 | AL4: =IFERROR(AVERAGEIFS(전체!$AK$2:$AK$67,전체!$A$2:$A$67,$A4,전체!$B$2:$B$67,$B4),"-") -> 14.127333 | AM4: =IFERROR(AVERAGEIFS(전체!$AL$2:$AL$67,전체!$A$2:$A$67,$A4,전체!$B$2:$B$67,$B4),"-") -> 31.899333 | AN4: =IFERROR(AVERAGEIFS(전체!$AM$2:$AM$67,전체!$A$2:$A$67,$A4,전체!$B$2:$B$67,$B4),"-") -> 1.966 | AO4: =IFERROR(AVERAGEIFS(전체!$AN$2:$AN$67,전체!$A$2:$A$67,$A4,전체!$B$2:$B$67,$B4),"-") -> 45.54445 | AP4: =IFERROR(AVERAGEIFS(전체!$AO$2:$AO$67,전체!$A$2:$A$67,$A4,전체!$B$2:$B$67,$B4),"-") -> - | AQ4: =IFERROR(AVERAGEIFS(전체!$AP$2:$AP$67,전체!$A$2:$A$67,$A4,전체!$B$2:$B$67,$B4),"-") -> 45.56425 | AR4: =IFERROR(AVERAGEIFS(전체!$AQ$2:$AQ$67,전체!$A$2:$A$67,$A4,전체!$B$2:$B$67,$B4),"-") -> 5.0657217 | AS4: =IFERROR(AVERAGEIFS(전체!$AR$2:$AR$67,전체!$A$2:$A$67,$A4,전체!$B$2:$B$67,$B4),"-") -> - | AT4: =IFERROR(AVERAGEIFS(전체!$AS$2:$AS$67,전체!$A$2:$A$67,$A4,전체!$B$2:$B$67,$B4),"-") -> 5.3874417 | AU4: =IFERROR(AVERAGEIFS(전체!$AT$2:$AT$67,전체!$A$2:$A$67,$A4,전체!$B$2:$B$67,$B4),"-") -> 0.00951296 | AV4: =IFERROR(AVERAGEIFS(전체!$AU$2:$AU$67,전체!$A$2:$A$67,$A4,전체!$B$2:$B$67,$B4),"-") -> - | AW4: =IFERROR(AVERAGEIFS(전체!$AV$2:$AV$67,전체!$A$2:$A$67,$A4,전체!$B$2:$B$67,$B4),"-") -> 0.15405617 | AX4: =IFERROR(AVERAGEIFS(전체!$AW$2:$AW$67,전체!$A$2:$A$67,$A4,전체!$B$2:$B$67,$B4),"-") -> 618.8395 | AY4: =IFERROR(AVERAGEIFS(전체!$AX$2:$AX$67,전체!$A$2:$A$67,$A4,전체!$B$2:$B$67,$B4),"-") -> - | AZ4: =IFERROR(AVERAGEIFS(전체!$AY$2:$AY$67,전체!$A$2:$A$67,$A4,전체!$B$2:$B$67,$B4),"-") -> 621.32783
A5: NPU | B5: det_seg_pose | C5: =COUNTIFS(전체!$A$2:$A$67,$A5,전체!$B$2:$B$67,$B5) -> 3 | D5: =COUNTIFS(전체!$A$2:$A$67,$A5,전체!$B$2:$B$67,$B5,전체!$X$2:$X$67,"<>NaN") -> 3 | E5: =IFERROR(AVERAGEIFS(전체!$D$2:$D$67,전체!$A$2:$A$67,$A5,전체!$B$2:$B$67,$B5),"-") -> 1 | F5: =IFERROR(AVERAGEIFS(전체!$E$2:$E$67,전체!$A$2:$A$67,$A5,전체!$B$2:$B$67,$B5),"-") -> 1 | G5: =IFERROR(AVERAGEIFS(전체!$F$2:$F$67,전체!$A$2:$A$67,$A5,전체!$B$2:$B$67,$B5),"-") -> 1 | H5: =IFERROR(AVERAGEIFS(전체!$G$2:$G$67,전체!$A$2:$A$67,$A5,전체!$B$2:$B$67,$B5),"-") -> 1 | I5: =IFERROR(AVERAGEIFS(전체!$H$2:$H$67,전체!$A$2:$A$67,$A5,전체!$B$2:$B$67,$B5),"-") -> 1 | J5: =IFERROR(AVERAGEIFS(전체!$I$2:$I$67,전체!$A$2:$A$67,$A5,전체!$B$2:$B$67,$B5),"-") -> 1 | K5: =IFERROR(AVERAGEIFS(전체!$J$2:$J$67,전체!$A$2:$A$67,$A5,전체!$B$2:$B$67,$B5),"-") -> 1 | L5: =IFERROR(AVERAGEIFS(전체!$K$2:$K$67,전체!$A$2:$A$67,$A5,전체!$B$2:$B$67,$B5),"-") -> 1 | M5: =IFERROR(AVERAGEIFS(전체!$L$2:$L$67,전체!$A$2:$A$67,$A5,전체!$B$2:$B$67,$B5),"-") -> 1 | N5: =IFERROR(AVERAGEIFS(전체!$M$2:$M$67,전체!$A$2:$A$67,$A5,전체!$B$2:$B$67,$B5),"-") -> 0 | O5: =IFERROR(AVERAGEIFS(전체!$N$2:$N$67,전체!$A$2:$A$67,$A5,전체!$B$2:$B$67,$B5),"-") -> 0 | P5: =IFERROR(AVERAGEIFS(전체!$O$2:$O$67,전체!$A$2:$A$67,$A5,전체!$B$2:$B$67,$B5),"-") -> 0 | Q5: =IFERROR(AVERAGEIFS(전체!$P$2:$P$67,전체!$A$2:$A$67,$A5,전체!$B$2:$B$67,$B5),"-") -> 0 | R5: =IFERROR(AVERAGEIFS(전체!$Q$2:$Q$67,전체!$A$2:$A$67,$A5,전체!$B$2:$B$67,$B5),"-") -> 1312.8 | S5: =IFERROR(AVERAGEIFS(전체!$R$2:$R$67,전체!$A$2:$A$67,$A5,전체!$B$2:$B$67,$B5),"-") -> 1343.77 | T5: =IFERROR(AVERAGEIFS(전체!$S$2:$S$67,전체!$A$2:$A$67,$A5,전체!$B$2:$B$67,$B5),"-") -> 1331.9733 | U5: =IFERROR(AVERAGEIFS(전체!$T$2:$T$67,전체!$A$2:$A$67,$A5,전체!$B$2:$B$67,$B5),"-") -> 35.288667 | V5: =IFERROR(AVERAGEIFS(전체!$U$2:$U$67,전체!$A$2:$A$67,$A5,전체!$B$2:$B$67,$B5),"-") -> 21.130567 | W5: =IFERROR(AVERAGEIFS(전체!$V$2:$V$67,전체!$A$2:$A$67,$A5,전체!$B$2:$B$67,$B5),"-") -> 14719.333 | X5: =IFERROR(AVERAGEIFS(전체!$W$2:$W$67,전체!$A$2:$A$67,$A5,전체!$B$2:$B$67,$B5),"-") -> 8708 | Y5: =IFERROR(AVERAGEIFS(전체!$X$2:$X$67,전체!$A$2:$A$67,$A5,전체!$B$2:$B$67,$B5),"-") -> 99.999 | Z5: =IFERROR(AVERAGEIFS(전체!$Y$2:$Y$67,전체!$A$2:$A$67,$A5,전체!$B$2:$B$67,$B5),"-") -> 19.009 | AA5: =IFERROR(AVERAGEIFS(전체!$Z$2:$Z$67,전체!$A$2:$A$67,$A5,전체!$B$2:$B$67,$B5),"-") -> 0.00066666667 | AB5: =IFERROR(AVERAGEIFS(전체!$AA$2:$AA$67,전체!$A$2:$A$67,$A5,전체!$B$2:$B$67,$B5),"-") -> 97.8208 | AC5: =IFERROR(AVERAGEIFS(전체!$AB$2:$AB$67,전체!$A$2:$A$67,$A5,전체!$B$2:$B$67,$B5),"-") -> 6.3313333 | AD5: =IFERROR(AVERAGEIFS(전체!$AC$2:$AC$67,전체!$A$2:$A$67,$A5,전체!$B$2:$B$67,$B5),"-") -> 26.027333 | AE5: =IFERROR(AVERAGEIFS(전체!$AD$2:$AD$67,전체!$A$2:$A$67,$A5,전체!$B$2:$B$67,$B5),"-") -> 36.710333 | AF5: =IFERROR(AVERAGEIFS(전체!$AE$2:$AE$67,전체!$A$2:$A$67,$A5,전체!$B$2:$B$67,$B5),"-") -> 15.516 | AG5: =IFERROR(AVERAGEIFS(전체!$AF$2:$AF$67,전체!$A$2:$A$67,$A5,전체!$B$2:$B$67,$B5),"-") -> 6.335 | AH5: =IFERROR(AVERAGEIFS(전체!$AG$2:$AG$67,전체!$A$2:$A$67,$A5,전체!$B$2:$B$67,$B5),"-") -> 33.577333 | AI5: =IFERROR(AVERAGEIFS(전체!$AH$2:$AH$67,전체!$A$2:$A$67,$A5,전체!$B$2:$B$67,$B5),"-") -> 71.808667 | AJ5: =IFERROR(AVERAGEIFS(전체!$AI$2:$AI$67,전체!$A$2:$A$67,$A5,전체!$B$2:$B$67,$B5),"-") -> 2.0913333 | AK5: =IFERROR(AVERAGEIFS(전체!$AJ$2:$AJ$67,전체!$A$2:$A$67,$A5,전체!$B$2:$B$67,$B5),"-") -> 6.3313333 | AL5: =IFERROR(AVERAGEIFS(전체!$AK$2:$AK$67,전체!$A$2:$A$67,$A5,전체!$B$2:$B$67,$B5),"-") -> 18.803 | AM5: =IFERROR(AVERAGEIFS(전체!$AL$2:$AL$67,전체!$A$2:$A$67,$A5,전체!$B$2:$B$67,$B5),"-") -> 85.515 | AN5: =IFERROR(AVERAGEIFS(전체!$AM$2:$AM$67,전체!$A$2:$A$67,$A5,전체!$B$2:$B$67,$B5),"-") -> 0.91166667 | AO5: =IFERROR(AVERAGEIFS(전체!$AN$2:$AN$67,전체!$A$2:$A$67,$A5,전체!$B$2:$B$67,$B5),"-") -> 97.690667 | AP5: =IFERROR(AVERAGEIFS(전체!$AO$2:$AO$67,전체!$A$2:$A$67,$A5,전체!$B$2:$B$67,$B5),"-") -> 97.642367 | AQ5: =IFERROR(AVERAGEIFS(전체!$AP$2:$AP$67,전체!$A$2:$A$67,$A5,전체!$B$2:$B$67,$B5),"-") -> 97.657067 | AR5: =IFERROR(AVERAGEIFS(전체!$AQ$2:$AQ$67,전체!$A$2:$A$67,$A5,전체!$B$2:$B$67,$B5),"-") -> 5.3677733 | AS5: =IFERROR(AVERAGEIFS(전체!$AR$2:$AR$67,전체!$A$2:$A$67,$A5,전체!$B$2:$B$67,$B5),"-") -> 5.0080933 | AT5: =IFERROR(AVERAGEIFS(전체!$AS$2:$AS$67,전체!$A$2:$A$67,$A5,전체!$B$2:$B$67,$B5),"-") -> 6.3621833 | AU5: =IFERROR(AVERAGEIFS(전체!$AT$2:$AT$67,전체!$A$2:$A$67,$A5,전체!$B$2:$B$67,$B5),"-") -> 0.010533833 | AV5: =IFERROR(AVERAGEIFS(전체!$AU$2:$AU$67,전체!$A$2:$A$67,$A5,전체!$B$2:$B$67,$B5),"-") -> 38.6531 | AW5: =IFERROR(AVERAGEIFS(전체!$AV$2:$AV$67,전체!$A$2:$A$67,$A5,전체!$B$2:$B$67,$B5),"-") -> 0.15856 | AX5: =IFERROR(AVERAGEIFS(전체!$AW$2:$AW$67,전체!$A$2:$A$67,$A5,전체!$B$2:$B$67,$B5),"-") -> 1318.1767 | AY5: =IFERROR(AVERAGEIFS(전체!$AX$2:$AX$67,전체!$A$2:$A$67,$A5,전체!$B$2:$B$67,$B5),"-") -> 1387.4333 | AZ5: =IFERROR(AVERAGEIFS(전체!$AY$2:$AY$67,전체!$A$2:$A$67,$A5,전체!$B$2:$B$67,$B5),"-") -> 1338.4933
A6: CPU | B6: det | C6: =COUNTIFS(전체!$A$2:$A$67,$A6,전체!$B$2:$B$67,$B6) -> 18 | D6: =COUNTIFS(전체!$A$2:$A$67,$A6,전체!$B$2:$B$67,$B6,전체!$X$2:$X$67,"<>NaN") -> 3 | E6: =IFERROR(AVERAGEIFS(전체!$D$2:$D$67,전체!$A$2:$A$67,$A6,전체!$B$2:$B$67,$B6),"-") -> 1 | F6: =IFERROR(AVERAGEIFS(전체!$E$2:$E$67,전체!$A$2:$A$67,$A6,전체!$B$2:$B$67,$B6),"-") -> 0 | G6: =IFERROR(AVERAGEIFS(전체!$F$2:$F$67,전체!$A$2:$A$67,$A6,전체!$B$2:$B$67,$B6),"-") -> 0 | H6: =IFERROR(AVERAGEIFS(전체!$G$2:$G$67,전체!$A$2:$A$67,$A6,전체!$B$2:$B$67,$B6),"-") -> 1 | I6: =IFERROR(AVERAGEIFS(전체!$H$2:$H$67,전체!$A$2:$A$67,$A6,전체!$B$2:$B$67,$B6),"-") -> 1 | J6: =IFERROR(AVERAGEIFS(전체!$I$2:$I$67,전체!$A$2:$A$67,$A6,전체!$B$2:$B$67,$B6),"-") -> 1 | K6: =IFERROR(AVERAGEIFS(전체!$J$2:$J$67,전체!$A$2:$A$67,$A6,전체!$B$2:$B$67,$B6),"-") -> 1 | L6: =IFERROR(AVERAGEIFS(전체!$K$2:$K$67,전체!$A$2:$A$67,$A6,전체!$B$2:$B$67,$B6),"-") -> 1 | M6: =IFERROR(AVERAGEIFS(전체!$L$2:$L$67,전체!$A$2:$A$67,$A6,전체!$B$2:$B$67,$B6),"-") -> 1 | N6: =IFERROR(AVERAGEIFS(전체!$M$2:$M$67,전체!$A$2:$A$67,$A6,전체!$B$2:$B$67,$B6),"-") -> 0 | O6: =IFERROR(AVERAGEIFS(전체!$N$2:$N$67,전체!$A$2:$A$67,$A6,전체!$B$2:$B$67,$B6),"-") -> 0 | P6: =IFERROR(AVERAGEIFS(전체!$O$2:$O$67,전체!$A$2:$A$67,$A6,전체!$B$2:$B$67,$B6),"-") -> 0 | Q6: =IFERROR(AVERAGEIFS(전체!$P$2:$P$67,전체!$A$2:$A$67,$A6,전체!$B$2:$B$67,$B6),"-") -> 0 | R6: =IFERROR(AVERAGEIFS(전체!$Q$2:$Q$67,전체!$A$2:$A$67,$A6,전체!$B$2:$B$67,$B6),"-") -> 5.9650239 | S6: =IFERROR(AVERAGEIFS(전체!$R$2:$R$67,전체!$A$2:$A$67,$A6,전체!$B$2:$B$67,$B6),"-") -> - | T6: =IFERROR(AVERAGEIFS(전체!$S$2:$S$67,전체!$A$2:$A$67,$A6,전체!$B$2:$B$67,$B6),"-") -> - | U6: =IFERROR(AVERAGEIFS(전체!$T$2:$T$67,전체!$A$2:$A$67,$A6,전체!$B$2:$B$67,$B6),"-") -> 59.546222 | V6: =IFERROR(AVERAGEIFS(전체!$U$2:$U$67,전체!$A$2:$A$67,$A6,전체!$B$2:$B$67,$B6),"-") -> 17.183094 | W6: =IFERROR(AVERAGEIFS(전체!$V$2:$V$67,전체!$A$2:$A$67,$A6,전체!$B$2:$B$67,$B6),"-") -> 885.22222 | X6: =IFERROR(AVERAGEIFS(전체!$W$2:$W$67,전체!$A$2:$A$67,$A6,전체!$B$2:$B$67,$B6),"-") -> 179.88889 | Y6: =IFERROR(AVERAGEIFS(전체!$X$2:$X$67,전체!$A$2:$A$67,$A6,전체!$B$2:$B$67,$B6),"-") -> 99.994 | Z6: =IFERROR(AVERAGEIFS(전체!$Y$2:$Y$67,전체!$A$2:$A$67,$A6,전체!$B$2:$B$67,$B6),"-") -> 0.56633333 | AA6: =IFERROR(AVERAGEIFS(전체!$Z$2:$Z$67,전체!$A$2:$A$67,$A6,전체!$B$2:$B$67,$B6),"-") -> 0.006 | AB6: =IFERROR(AVERAGEIFS(전체!$AA$2:$AA$67,전체!$A$2:$A$67,$A6,전체!$B$2:$B$67,$B6),"-") -> 3.6034978 | AC6: =IFERROR(AVERAGEIFS(전체!$AB$2:$AB$67,전체!$A$2:$A$67,$A6,전체!$B$2:$B$67,$B6),"-") -> 188.09367 | AD6: =IFERROR(AVERAGEIFS(전체!$AC$2:$AC$67,전체!$A$2:$A$67,$A6,전체!$B$2:$B$67,$B6),"-") -> 4.0846667 | AE6: =IFERROR(AVERAGEIFS(전체!$AD$2:$AD$67,전체!$A$2:$A$67,$A6,전체!$B$2:$B$67,$B6),"-") -> 13.943667 | AF6: =IFERROR(AVERAGEIFS(전체!$AE$2:$AE$67,전체!$A$2:$A$67,$A6,전체!$B$2:$B$67,$B6),"-") -> 0.17333333 | AG6: =IFERROR(AVERAGEIFS(전체!$AF$2:$AF$67,전체!$A$2:$A$67,$A6,전체!$B$2:$B$67,$B6),"-") -> - | AH6: =IFERROR(AVERAGEIFS(전체!$AG$2:$AG$67,전체!$A$2:$A$67,$A6,전체!$B$2:$B$67,$B6),"-") -> - | AI6: =IFERROR(AVERAGEIFS(전체!$AH$2:$AH$67,전체!$A$2:$A$67,$A6,전체!$B$2:$B$67,$B6),"-") -> - | AJ6: =IFERROR(AVERAGEIFS(전체!$AI$2:$AI$67,전체!$A$2:$A$67,$A6,전체!$B$2:$B$67,$B6),"-") -> - | AK6: =IFERROR(AVERAGEIFS(전체!$AJ$2:$AJ$67,전체!$A$2:$A$67,$A6,전체!$B$2:$B$67,$B6),"-") -> - | AL6: =IFERROR(AVERAGEIFS(전체!$AK$2:$AK$67,전체!$A$2:$A$67,$A6,전체!$B$2:$B$67,$B6),"-") -> - | AM6: =IFERROR(AVERAGEIFS(전체!$AL$2:$AL$67,전체!$A$2:$A$67,$A6,전체!$B$2:$B$67,$B6),"-") -> - | AN6: =IFERROR(AVERAGEIFS(전체!$AM$2:$AM$67,전체!$A$2:$A$67,$A6,전체!$B$2:$B$67,$B6),"-") -> - | AO6: =IFERROR(AVERAGEIFS(전체!$AN$2:$AN$67,전체!$A$2:$A$67,$A6,전체!$B$2:$B$67,$B6),"-") -> 3.5912317 | AP6: =IFERROR(AVERAGEIFS(전체!$AO$2:$AO$67,전체!$A$2:$A$67,$A6,전체!$B$2:$B$67,$B6),"-") -> - | AQ6: =IFERROR(AVERAGEIFS(전체!$AP$2:$AP$67,전체!$A$2:$A$67,$A6,전체!$B$2:$B$67,$B6),"-") -> - | AR6: =IFERROR(AVERAGEIFS(전체!$AQ$2:$AQ$67,전체!$A$2:$A$67,$A6,전체!$B$2:$B$67,$B6),"-") -> 4.6155294 | AS6: =IFERROR(AVERAGEIFS(전체!$AR$2:$AR$67,전체!$A$2:$A$67,$A6,전체!$B$2:$B$67,$B6),"-") -> - | AT6: =IFERROR(AVERAGEIFS(전체!$AS$2:$AS$67,전체!$A$2:$A$67,$A6,전체!$B$2:$B$67,$B6),"-") -> - | AU6: =IFERROR(AVERAGEIFS(전체!$AT$2:$AT$67,전체!$A$2:$A$67,$A6,전체!$B$2:$B$67,$B6),"-") -> 0.00802887 | AV6: =IFERROR(AVERAGEIFS(전체!$AU$2:$AU$67,전체!$A$2:$A$67,$A6,전체!$B$2:$B$67,$B6),"-") -> - | AW6: =IFERROR(AVERAGEIFS(전체!$AV$2:$AV$67,전체!$A$2:$A$67,$A6,전체!$B$2:$B$67,$B6),"-") -> - | AX6: =IFERROR(AVERAGEIFS(전체!$AW$2:$AW$67,전체!$A$2:$A$67,$A6,전체!$B$2:$B$67,$B6),"-") -> 10.588589 | AY6: =IFERROR(AVERAGEIFS(전체!$AX$2:$AX$67,전체!$A$2:$A$67,$A6,전체!$B$2:$B$67,$B6),"-") -> - | AZ6: =IFERROR(AVERAGEIFS(전체!$AY$2:$AY$67,전체!$A$2:$A$67,$A6,전체!$B$2:$B$67,$B6),"-") -> -
A7: CPU | B7: det_seg | C7: =COUNTIFS(전체!$A$2:$A$67,$A7,전체!$B$2:$B$67,$B7) -> 6 | D7: =COUNTIFS(전체!$A$2:$A$67,$A7,전체!$B$2:$B$67,$B7,전체!$X$2:$X$67,"<>NaN") -> 3 | E7: =IFERROR(AVERAGEIFS(전체!$D$2:$D$67,전체!$A$2:$A$67,$A7,전체!$B$2:$B$67,$B7),"-") -> 1 | F7: =IFERROR(AVERAGEIFS(전체!$E$2:$E$67,전체!$A$2:$A$67,$A7,전체!$B$2:$B$67,$B7),"-") -> 1 | G7: =IFERROR(AVERAGEIFS(전체!$F$2:$F$67,전체!$A$2:$A$67,$A7,전체!$B$2:$B$67,$B7),"-") -> 0 | H7: =IFERROR(AVERAGEIFS(전체!$G$2:$G$67,전체!$A$2:$A$67,$A7,전체!$B$2:$B$67,$B7),"-") -> 1 | I7: =IFERROR(AVERAGEIFS(전체!$H$2:$H$67,전체!$A$2:$A$67,$A7,전체!$B$2:$B$67,$B7),"-") -> 1 | J7: =IFERROR(AVERAGEIFS(전체!$I$2:$I$67,전체!$A$2:$A$67,$A7,전체!$B$2:$B$67,$B7),"-") -> 1 | K7: =IFERROR(AVERAGEIFS(전체!$J$2:$J$67,전체!$A$2:$A$67,$A7,전체!$B$2:$B$67,$B7),"-") -> 1 | L7: =IFERROR(AVERAGEIFS(전체!$K$2:$K$67,전체!$A$2:$A$67,$A7,전체!$B$2:$B$67,$B7),"-") -> 1 | M7: =IFERROR(AVERAGEIFS(전체!$L$2:$L$67,전체!$A$2:$A$67,$A7,전체!$B$2:$B$67,$B7),"-") -> 1 | N7: =IFERROR(AVERAGEIFS(전체!$M$2:$M$67,전체!$A$2:$A$67,$A7,전체!$B$2:$B$67,$B7),"-") -> 0 | O7: =IFERROR(AVERAGEIFS(전체!$N$2:$N$67,전체!$A$2:$A$67,$A7,전체!$B$2:$B$67,$B7),"-") -> 0 | P7: =IFERROR(AVERAGEIFS(전체!$O$2:$O$67,전체!$A$2:$A$67,$A7,전체!$B$2:$B$67,$B7),"-") -> 0 | Q7: =IFERROR(AVERAGEIFS(전체!$P$2:$P$67,전체!$A$2:$A$67,$A7,전체!$B$2:$B$67,$B7),"-") -> 0 | R7: =IFERROR(AVERAGEIFS(전체!$Q$2:$Q$67,전체!$A$2:$A$67,$A7,전체!$B$2:$B$67,$B7),"-") -> 610.53117 | S7: =IFERROR(AVERAGEIFS(전체!$R$2:$R$67,전체!$A$2:$A$67,$A7,전체!$B$2:$B$67,$B7),"-") -> 693.2175 | T7: =IFERROR(AVERAGEIFS(전체!$S$2:$S$67,전체!$A$2:$A$67,$A7,전체!$B$2:$B$67,$B7),"-") -> - | U7: =IFERROR(AVERAGEIFS(전체!$T$2:$T$67,전체!$A$2:$A$67,$A7,전체!$B$2:$B$67,$B7),"-") -> 41.0608 | V7: =IFERROR(AVERAGEIFS(전체!$U$2:$U$67,전체!$A$2:$A$67,$A7,전체!$B$2:$B$67,$B7),"-") -> 15.853617 | W7: =IFERROR(AVERAGEIFS(전체!$V$2:$V$67,전체!$A$2:$A$67,$A7,전체!$B$2:$B$67,$B7),"-") -> 8368.3333 | X7: =IFERROR(AVERAGEIFS(전체!$W$2:$W$67,전체!$A$2:$A$67,$A7,전체!$B$2:$B$67,$B7),"-") -> 6736.8333 | Y7: =IFERROR(AVERAGEIFS(전체!$X$2:$X$67,전체!$A$2:$A$67,$A7,전체!$B$2:$B$67,$B7),"-") -> 99.999333 | Z7: =IFERROR(AVERAGEIFS(전체!$Y$2:$Y$67,전체!$A$2:$A$67,$A7,전체!$B$2:$B$67,$B7),"-") -> 33.405 | AA7: =IFERROR(AVERAGEIFS(전체!$Z$2:$Z$67,전체!$A$2:$A$67,$A7,전체!$B$2:$B$67,$B7),"-") -> 0.001 | AB7: =IFERROR(AVERAGEIFS(전체!$AA$2:$AA$67,전체!$A$2:$A$67,$A7,전체!$B$2:$B$67,$B7),"-") -> 42.156967 | AC7: =IFERROR(AVERAGEIFS(전체!$AB$2:$AB$67,전체!$A$2:$A$67,$A7,전체!$B$2:$B$67,$B7),"-") -> 17.768 | AD7: =IFERROR(AVERAGEIFS(전체!$AC$2:$AC$67,전체!$A$2:$A$67,$A7,전체!$B$2:$B$67,$B7),"-") -> 17.469 | AE7: =IFERROR(AVERAGEIFS(전체!$AD$2:$AD$67,전체!$A$2:$A$67,$A7,전체!$B$2:$B$67,$B7),"-") -> 36.875 | AF7: =IFERROR(AVERAGEIFS(전체!$AE$2:$AE$67,전체!$A$2:$A$67,$A7,전체!$B$2:$B$67,$B7),"-") -> 0.61866667 | AG7: =IFERROR(AVERAGEIFS(전체!$AF$2:$AF$67,전체!$A$2:$A$67,$A7,전체!$B$2:$B$67,$B7),"-") -> 16.708333 | AH7: =IFERROR(AVERAGEIFS(전체!$AG$2:$AG$67,전체!$A$2:$A$67,$A7,전체!$B$2:$B$67,$B7),"-") -> 68.562667 | AI7: =IFERROR(AVERAGEIFS(전체!$AH$2:$AH$67,전체!$A$2:$A$67,$A7,전체!$B$2:$B$67,$B7),"-") -> 457.49533 | AJ7: =IFERROR(AVERAGEIFS(전체!$AI$2:$AI$67,전체!$A$2:$A$67,$A7,전체!$B$2:$B$67,$B7),"-") -> 0.75466667 | AK7: =IFERROR(AVERAGEIFS(전체!$AJ$2:$AJ$67,전체!$A$2:$A$67,$A7,전체!$B$2:$B$67,$B7),"-") -> - | AL7: =IFERROR(AVERAGEIFS(전체!$AK$2:$AK$67,전체!$A$2:$A$67,$A7,전체!$B$2:$B$67,$B7),"-") -> - | AM7: =IFERROR(AVERAGEIFS(전체!$AL$2:$AL$67,전체!$A$2:$A$67,$A7,전체!$B$2:$B$67,$B7),"-") -> - | AN7: =IFERROR(AVERAGEIFS(전체!$AM$2:$AM$67,전체!$A$2:$A$67,$A7,전체!$B$2:$B$67,$B7),"-") -> - | AO7: =IFERROR(AVERAGEIFS(전체!$AN$2:$AN$67,전체!$A$2:$A$67,$A7,전체!$B$2:$B$67,$B7),"-") -> 37.654033 | AP7: =IFERROR(AVERAGEIFS(전체!$AO$2:$AO$67,전체!$A$2:$A$67,$A7,전체!$B$2:$B$67,$B7),"-") -> 41.9852 | AQ7: =IFERROR(AVERAGEIFS(전체!$AP$2:$AP$67,전체!$A$2:$A$67,$A7,전체!$B$2:$B$67,$B7),"-") -> - | AR7: =IFERROR(AVERAGEIFS(전체!$AQ$2:$AQ$67,전체!$A$2:$A$67,$A7,전체!$B$2:$B$67,$B7),"-") -> 6.634415 | AS7: =IFERROR(AVERAGEIFS(전체!$AR$2:$AR$67,전체!$A$2:$A$67,$A7,전체!$B$2:$B$67,$B7),"-") -> 5.69291 | AT7: =IFERROR(AVERAGEIFS(전체!$AS$2:$AS$67,전체!$A$2:$A$67,$A7,전체!$B$2:$B$67,$B7),"-") -> - | AU7: =IFERROR(AVERAGEIFS(전체!$AT$2:$AT$67,전체!$A$2:$A$67,$A7,전체!$B$2:$B$67,$B7),"-") -> 0.011504703 | AV7: =IFERROR(AVERAGEIFS(전체!$AU$2:$AU$67,전체!$A$2:$A$67,$A7,전체!$B$2:$B$67,$B7),"-") -> 37.966167 | AW7: =IFERROR(AVERAGEIFS(전체!$AV$2:$AV$67,전체!$A$2:$A$67,$A7,전체!$B$2:$B$67,$B7),"-") -> - | AX7: =IFERROR(AVERAGEIFS(전체!$AW$2:$AW$67,전체!$A$2:$A$67,$A7,전체!$B$2:$B$67,$B7),"-") -> 617.17683 | AY7: =IFERROR(AVERAGEIFS(전체!$AX$2:$AX$67,전체!$A$2:$A$67,$A7,전체!$B$2:$B$67,$B7),"-") -> 736.87633 | AZ7: =IFERROR(AVERAGEIFS(전체!$AY$2:$AY$67,전체!$A$2:$A$67,$A7,전체!$B$2:$B$67,$B7),"-") -> -
A8: CPU | B8: det_pose | C8: =COUNTIFS(전체!$A$2:$A$67,$A8,전체!$B$2:$B$67,$B8) -> 6 | D8: =COUNTIFS(전체!$A$2:$A$67,$A8,전체!$B$2:$B$67,$B8,전체!$X$2:$X$67,"<>NaN") -> 3 | E8: =IFERROR(AVERAGEIFS(전체!$D$2:$D$67,전체!$A$2:$A$67,$A8,전체!$B$2:$B$67,$B8),"-") -> 1 | F8: =IFERROR(AVERAGEIFS(전체!$E$2:$E$67,전체!$A$2:$A$67,$A8,전체!$B$2:$B$67,$B8),"-") -> 0 | G8: =IFERROR(AVERAGEIFS(전체!$F$2:$F$67,전체!$A$2:$A$67,$A8,전체!$B$2:$B$67,$B8),"-") -> 1 | H8: =IFERROR(AVERAGEIFS(전체!$G$2:$G$67,전체!$A$2:$A$67,$A8,전체!$B$2:$B$67,$B8),"-") -> 1 | I8: =IFERROR(AVERAGEIFS(전체!$H$2:$H$67,전체!$A$2:$A$67,$A8,전체!$B$2:$B$67,$B8),"-") -> 1 | J8: =IFERROR(AVERAGEIFS(전체!$I$2:$I$67,전체!$A$2:$A$67,$A8,전체!$B$2:$B$67,$B8),"-") -> 1 | K8: =IFERROR(AVERAGEIFS(전체!$J$2:$J$67,전체!$A$2:$A$67,$A8,전체!$B$2:$B$67,$B8),"-") -> 1 | L8: =IFERROR(AVERAGEIFS(전체!$K$2:$K$67,전체!$A$2:$A$67,$A8,전체!$B$2:$B$67,$B8),"-") -> 1 | M8: =IFERROR(AVERAGEIFS(전체!$L$2:$L$67,전체!$A$2:$A$67,$A8,전체!$B$2:$B$67,$B8),"-") -> 1 | N8: =IFERROR(AVERAGEIFS(전체!$M$2:$M$67,전체!$A$2:$A$67,$A8,전체!$B$2:$B$67,$B8),"-") -> 0 | O8: =IFERROR(AVERAGEIFS(전체!$N$2:$N$67,전체!$A$2:$A$67,$A8,전체!$B$2:$B$67,$B8),"-") -> 0 | P8: =IFERROR(AVERAGEIFS(전체!$O$2:$O$67,전체!$A$2:$A$67,$A8,전체!$B$2:$B$67,$B8),"-") -> 0 | Q8: =IFERROR(AVERAGEIFS(전체!$P$2:$P$67,전체!$A$2:$A$67,$A8,전체!$B$2:$B$67,$B8),"-") -> 0 | R8: =IFERROR(AVERAGEIFS(전체!$Q$2:$Q$67,전체!$A$2:$A$67,$A8,전체!$B$2:$B$67,$B8),"-") -> 566.06583 | S8: =IFERROR(AVERAGEIFS(전체!$R$2:$R$67,전체!$A$2:$A$67,$A8,전체!$B$2:$B$67,$B8),"-") -> - | T8: =IFERROR(AVERAGEIFS(전체!$S$2:$S$67,전체!$A$2:$A$67,$A8,전체!$B$2:$B$67,$B8),"-") -> 476.613 | U8: =IFERROR(AVERAGEIFS(전체!$T$2:$T$67,전체!$A$2:$A$67,$A8,전체!$B$2:$B$67,$B8),"-") -> 26.796083 | V8: =IFERROR(AVERAGEIFS(전체!$U$2:$U$67,전체!$A$2:$A$67,$A8,전체!$B$2:$B$67,$B8),"-") -> 15.06675 | W8: =IFERROR(AVERAGEIFS(전체!$V$2:$V$67,전체!$A$2:$A$67,$A8,전체!$B$2:$B$67,$B8),"-") -> 7876.6667 | X8: =IFERROR(AVERAGEIFS(전체!$W$2:$W$67,전체!$A$2:$A$67,$A8,전체!$B$2:$B$67,$B8),"-") -> 3644 | Y8: =IFERROR(AVERAGEIFS(전체!$X$2:$X$67,전체!$A$2:$A$67,$A8,전체!$B$2:$B$67,$B8),"-") -> 99.994333 | Z8: =IFERROR(AVERAGEIFS(전체!$Y$2:$Y$67,전체!$A$2:$A$67,$A8,전체!$B$2:$B$67,$B8),"-") -> 39.290333 | AA8: =IFERROR(AVERAGEIFS(전체!$Z$2:$Z$67,전체!$A$2:$A$67,$A8,전체!$B$2:$B$67,$B8),"-") -> 0.005 | AB8: =IFERROR(AVERAGEIFS(전체!$AA$2:$AA$67,전체!$A$2:$A$67,$A8,전체!$B$2:$B$67,$B8),"-") -> 34.79525 | AC8: =IFERROR(AVERAGEIFS(전체!$AB$2:$AB$67,전체!$A$2:$A$67,$A8,전체!$B$2:$B$67,$B8),"-") -> 19.628333 | AD8: =IFERROR(AVERAGEIFS(전체!$AC$2:$AC$67,전체!$A$2:$A$67,$A8,전체!$B$2:$B$67,$B8),"-") -> 15.314 | AE8: =IFERROR(AVERAGEIFS(전체!$AD$2:$AD$67,전체!$A$2:$A$67,$A8,전체!$B$2:$B$67,$B8),"-") -> 23.408667 | AF8: =IFERROR(AVERAGEIFS(전체!$AE$2:$AE$67,전체!$A$2:$A$67,$A8,전체!$B$2:$B$67,$B8),"-") -> 0.528 | AG8: =IFERROR(AVERAGEIFS(전체!$AF$2:$AF$67,전체!$A$2:$A$67,$A8,전체!$B$2:$B$67,$B8),"-") -> - | AH8: =IFERROR(AVERAGEIFS(전체!$AG$2:$AG$67,전체!$A$2:$A$67,$A8,전체!$B$2:$B$67,$B8),"-") -> - | AI8: =IFERROR(AVERAGEIFS(전체!$AH$2:$AH$67,전체!$A$2:$A$67,$A8,전체!$B$2:$B$67,$B8),"-") -> - | AJ8: =IFERROR(AVERAGEIFS(전체!$AI$2:$AI$67,전체!$A$2:$A$67,$A8,전체!$B$2:$B$67,$B8),"-") -> - | AK8: =IFERROR(AVERAGEIFS(전체!$AJ$2:$AJ$67,전체!$A$2:$A$67,$A8,전체!$B$2:$B$67,$B8),"-") -> 19.662 | AL8: =IFERROR(AVERAGEIFS(전체!$AK$2:$AK$67,전체!$A$2:$A$67,$A8,전체!$B$2:$B$67,$B8),"-") -> 15.214 | AM8: =IFERROR(AVERAGEIFS(전체!$AL$2:$AL$67,전체!$A$2:$A$67,$A8,전체!$B$2:$B$67,$B8),"-") -> 42.040333 | AN8: =IFERROR(AVERAGEIFS(전체!$AM$2:$AM$67,전체!$A$2:$A$67,$A8,전체!$B$2:$B$67,$B8),"-") -> 0.577 | AO8: =IFERROR(AVERAGEIFS(전체!$AN$2:$AN$67,전체!$A$2:$A$67,$A8,전체!$B$2:$B$67,$B8),"-") -> 34.7709 | AP8: =IFERROR(AVERAGEIFS(전체!$AO$2:$AO$67,전체!$A$2:$A$67,$A8,전체!$B$2:$B$67,$B8),"-") -> - | AQ8: =IFERROR(AVERAGEIFS(전체!$AP$2:$AP$67,전체!$A$2:$A$67,$A8,전체!$B$2:$B$67,$B8),"-") -> 34.766433 | AR8: =IFERROR(AVERAGEIFS(전체!$AQ$2:$AQ$67,전체!$A$2:$A$67,$A8,전체!$B$2:$B$67,$B8),"-") -> 5.6103583 | AS8: =IFERROR(AVERAGEIFS(전체!$AR$2:$AR$67,전체!$A$2:$A$67,$A8,전체!$B$2:$B$67,$B8),"-") -> - | AT8: =IFERROR(AVERAGEIFS(전체!$AS$2:$AS$67,전체!$A$2:$A$67,$A8,전체!$B$2:$B$67,$B8),"-") -> 5.60269 | AU8: =IFERROR(AVERAGEIFS(전체!$AT$2:$AT$67,전체!$A$2:$A$67,$A8,전체!$B$2:$B$67,$B8),"-") -> 0.0081816133 | AV8: =IFERROR(AVERAGEIFS(전체!$AU$2:$AU$67,전체!$A$2:$A$67,$A8,전체!$B$2:$B$67,$B8),"-") -> - | AW8: =IFERROR(AVERAGEIFS(전체!$AV$2:$AV$67,전체!$A$2:$A$67,$A8,전체!$B$2:$B$67,$B8),"-") -> 0.15902433 | AX8: =IFERROR(AVERAGEIFS(전체!$AW$2:$AW$67,전체!$A$2:$A$67,$A8,전체!$B$2:$B$67,$B8),"-") -> 571.68433 | AY8: =IFERROR(AVERAGEIFS(전체!$AX$2:$AX$67,전체!$A$2:$A$67,$A8,전체!$B$2:$B$67,$B8),"-") -> - | AZ8: =IFERROR(AVERAGEIFS(전체!$AY$2:$AY$67,전체!$A$2:$A$67,$A8,전체!$B$2:$B$67,$B8),"-") -> 482.37483
A9: CPU | B9: det_seg_pose | C9: =COUNTIFS(전체!$A$2:$A$67,$A9,전체!$B$2:$B$67,$B9) -> 3 | D9: =COUNTIFS(전체!$A$2:$A$67,$A9,전체!$B$2:$B$67,$B9,전체!$X$2:$X$67,"<>NaN") -> 3 | E9: =IFERROR(AVERAGEIFS(전체!$D$2:$D$67,전체!$A$2:$A$67,$A9,전체!$B$2:$B$67,$B9),"-") -> 1 | F9: =IFERROR(AVERAGEIFS(전체!$E$2:$E$67,전체!$A$2:$A$67,$A9,전체!$B$2:$B$67,$B9),"-") -> 1 | G9: =IFERROR(AVERAGEIFS(전체!$F$2:$F$67,전체!$A$2:$A$67,$A9,전체!$B$2:$B$67,$B9),"-") -> 1 | H9: =IFERROR(AVERAGEIFS(전체!$G$2:$G$67,전체!$A$2:$A$67,$A9,전체!$B$2:$B$67,$B9),"-") -> 1 | I9: =IFERROR(AVERAGEIFS(전체!$H$2:$H$67,전체!$A$2:$A$67,$A9,전체!$B$2:$B$67,$B9),"-") -> 1 | J9: =IFERROR(AVERAGEIFS(전체!$I$2:$I$67,전체!$A$2:$A$67,$A9,전체!$B$2:$B$67,$B9),"-") -> 1 | K9: =IFERROR(AVERAGEIFS(전체!$J$2:$J$67,전체!$A$2:$A$67,$A9,전체!$B$2:$B$67,$B9),"-") -> 1 | L9: =IFERROR(AVERAGEIFS(전체!$K$2:$K$67,전체!$A$2:$A$67,$A9,전체!$B$2:$B$67,$B9),"-") -> 1 | M9: =IFERROR(AVERAGEIFS(전체!$L$2:$L$67,전체!$A$2:$A$67,$A9,전체!$B$2:$B$67,$B9),"-") -> 1 | N9: =IFERROR(AVERAGEIFS(전체!$M$2:$M$67,전체!$A$2:$A$67,$A9,전체!$B$2:$B$67,$B9),"-") -> 0 | O9: =IFERROR(AVERAGEIFS(전체!$N$2:$N$67,전체!$A$2:$A$67,$A9,전체!$B$2:$B$67,$B9),"-") -> 0 | P9: =IFERROR(AVERAGEIFS(전체!$O$2:$O$67,전체!$A$2:$A$67,$A9,전체!$B$2:$B$67,$B9),"-") -> 0 | Q9: =IFERROR(AVERAGEIFS(전체!$P$2:$P$67,전체!$A$2:$A$67,$A9,전체!$B$2:$B$67,$B9),"-") -> 0 | R9: =IFERROR(AVERAGEIFS(전체!$Q$2:$Q$67,전체!$A$2:$A$67,$A9,전체!$B$2:$B$67,$B9),"-") -> 1540.2733 | S9: =IFERROR(AVERAGEIFS(전체!$R$2:$R$67,전체!$A$2:$A$67,$A9,전체!$B$2:$B$67,$B9),"-") -> 1306.5633 | T9: =IFERROR(AVERAGEIFS(전체!$S$2:$S$67,전체!$A$2:$A$67,$A9,전체!$B$2:$B$67,$B9),"-") -> 1288.8233 | U9: =IFERROR(AVERAGEIFS(전체!$T$2:$T$67,전체!$A$2:$A$67,$A9,전체!$B$2:$B$67,$B9),"-") -> 33.538067 | V9: =IFERROR(AVERAGEIFS(전체!$U$2:$U$67,전체!$A$2:$A$67,$A9,전체!$B$2:$B$67,$B9),"-") -> 13.283933 | W9: =IFERROR(AVERAGEIFS(전체!$V$2:$V$67,전체!$A$2:$A$67,$A9,전체!$B$2:$B$67,$B9),"-") -> 14876.667 | X9: =IFERROR(AVERAGEIFS(전체!$W$2:$W$67,전체!$A$2:$A$67,$A9,전체!$B$2:$B$67,$B9),"-") -> 8825.6667 | Y9: =IFERROR(AVERAGEIFS(전체!$X$2:$X$67,전체!$A$2:$A$67,$A9,전체!$B$2:$B$67,$B9),"-") -> 99.999 | Z9: =IFERROR(AVERAGEIFS(전체!$Y$2:$Y$67,전체!$A$2:$A$67,$A9,전체!$B$2:$B$67,$B9),"-") -> 19.789 | AA9: =IFERROR(AVERAGEIFS(전체!$Z$2:$Z$67,전체!$A$2:$A$67,$A9,전체!$B$2:$B$67,$B9),"-") -> 0.0013333333 | AB9: =IFERROR(AVERAGEIFS(전체!$AA$2:$AA$67,전체!$A$2:$A$67,$A9,전체!$B$2:$B$67,$B9),"-") -> 94.2136 | AC9: =IFERROR(AVERAGEIFS(전체!$AB$2:$AB$67,전체!$A$2:$A$67,$A9,전체!$B$2:$B$67,$B9),"-") -> 6.5873333 | AD9: =IFERROR(AVERAGEIFS(전체!$AC$2:$AC$67,전체!$A$2:$A$67,$A9,전체!$B$2:$B$67,$B9),"-") -> 20.289 | AE9: =IFERROR(AVERAGEIFS(전체!$AD$2:$AD$67,전체!$A$2:$A$67,$A9,전체!$B$2:$B$67,$B9),"-") -> 40.870667 | AF9: =IFERROR(AVERAGEIFS(전체!$AE$2:$AE$67,전체!$A$2:$A$67,$A9,전체!$B$2:$B$67,$B9),"-") -> 0.58766667 | AG9: =IFERROR(AVERAGEIFS(전체!$AF$2:$AF$67,전체!$A$2:$A$67,$A9,전체!$B$2:$B$67,$B9),"-") -> 6.5986667 | AH9: =IFERROR(AVERAGEIFS(전체!$AG$2:$AG$67,전체!$A$2:$A$67,$A9,전체!$B$2:$B$67,$B9),"-") -> 36.836667 | AI9: =IFERROR(AVERAGEIFS(전체!$AH$2:$AH$67,전체!$A$2:$A$67,$A9,전체!$B$2:$B$67,$B9),"-") -> 77.569667 | AJ9: =IFERROR(AVERAGEIFS(전체!$AI$2:$AI$67,전체!$A$2:$A$67,$A9,전체!$B$2:$B$67,$B9),"-") -> 0.58233333 | AK9: =IFERROR(AVERAGEIFS(전체!$AJ$2:$AJ$67,전체!$A$2:$A$67,$A9,전체!$B$2:$B$67,$B9),"-") -> 6.5946667 | AL9: =IFERROR(AVERAGEIFS(전체!$AK$2:$AK$67,전체!$A$2:$A$67,$A9,전체!$B$2:$B$67,$B9),"-") -> 20.437667 | AM9: =IFERROR(AVERAGEIFS(전체!$AL$2:$AL$67,전체!$A$2:$A$67,$A9,전체!$B$2:$B$67,$B9),"-") -> 98.878 | AN9: =IFERROR(AVERAGEIFS(전체!$AM$2:$AM$67,전체!$A$2:$A$67,$A9,전체!$B$2:$B$67,$B9),"-") -> 0.60466667 | AO9: =IFERROR(AVERAGEIFS(전체!$AN$2:$AN$67,전체!$A$2:$A$67,$A9,전체!$B$2:$B$67,$B9),"-") -> 93.965067 | AP9: =IFERROR(AVERAGEIFS(전체!$AO$2:$AO$67,전체!$A$2:$A$67,$A9,전체!$B$2:$B$67,$B9),"-") -> 94.0419 | AQ9: =IFERROR(AVERAGEIFS(전체!$AP$2:$AP$67,전체!$A$2:$A$67,$A9,전체!$B$2:$B$67,$B9),"-") -> 93.9566 | AR9: =IFERROR(AVERAGEIFS(전체!$AQ$2:$AQ$67,전체!$A$2:$A$67,$A9,전체!$B$2:$B$67,$B9),"-") -> 5.77597 | AS9: =IFERROR(AVERAGEIFS(전체!$AR$2:$AR$67,전체!$A$2:$A$67,$A9,전체!$B$2:$B$67,$B9),"-") -> 5.1599133 | AT9: =IFERROR(AVERAGEIFS(전체!$AS$2:$AS$67,전체!$A$2:$A$67,$A9,전체!$B$2:$B$67,$B9),"-") -> 6.3053933 | AU9: =IFERROR(AVERAGEIFS(전체!$AT$2:$AT$67,전체!$A$2:$A$67,$A9,전체!$B$2:$B$67,$B9),"-") -> 0.0096495333 | AV9: =IFERROR(AVERAGEIFS(전체!$AU$2:$AU$67,전체!$A$2:$A$67,$A9,전체!$B$2:$B$67,$B9),"-") -> 38.562967 | AW9: =IFERROR(AVERAGEIFS(전체!$AV$2:$AV$67,전체!$A$2:$A$67,$A9,전체!$B$2:$B$67,$B9),"-") -> 0.153795 | AX9: =IFERROR(AVERAGEIFS(전체!$AW$2:$AW$67,전체!$A$2:$A$67,$A9,전체!$B$2:$B$67,$B9),"-") -> 1546.0633 | AY9: =IFERROR(AVERAGEIFS(전체!$AX$2:$AX$67,전체!$A$2:$A$67,$A9,전체!$B$2:$B$67,$B9),"-") -> 1350.2867 | AZ9: =IFERROR(AVERAGEIFS(전체!$AY$2:$AY$67,전체!$A$2:$A$67,$A9,전체!$B$2:$B$67,$B9),"-") -> 1295.28

Sheet NPU_vs_CPU_비교
A1: combo | B1: det_latency_ms (앱 측정, 673장 전체) (NPU) | C1: det_latency_ms (앱 측정, 673장 전체) (CPU) | D1: det_latency_ms (앱 측정, 673장 전체) 차이(CPU 기준,%) | E1: cpu_percent (NPU) | F1: cpu_percent (CPU) | G1: cpu_percent 차이(CPU 기준,%) | H1: npu_percent (hrtt device_usage 합) (NPU) | I1: npu_percent (hrtt device_usage 합) (CPU) | J1: npu_percent (hrtt device_usage 합) 차이(CPU 기준,%) | K1: seg_latency_ms (앱 측정) (NPU) | L1: seg_latency_ms (앱 측정) (CPU) | M1: seg_latency_ms (앱 측정) 차이(CPU 기준,%) | N1: pose_latency_ms (앱 측정) (NPU) | O1: pose_latency_ms (앱 측정) (CPU) | P1: pose_latency_ms (앱 측정) 차이(CPU 기준,%) | Q1: avg_latency_det (hrtt, 트레이스 길이 caveat 참고) (NPU) | R1: avg_latency_det (hrtt, 트레이스 길이 caveat 참고) (CPU) | S1: avg_latency_det (hrtt, 트레이스 길이 caveat 참고) 차이(CPU 기준,%) | T1: total_time_ms_det (전처리+latency+후처리, 앱 측정) (NPU) | U1: total_time_ms_det (전처리+latency+후처리, 앱 측정) (CPU) | V1: total_time_ms_det (전처리+latency+후처리, 앱 측정) 차이(CPU 기준,%)
A2: det | B2: =IF(ISNUMBER(케이스별_평균!$R$2),케이스별_평균!$R$2,"-") -> 152.77122 | C2: =IF(ISNUMBER(케이스별_평균!$R$6),케이스별_평균!$R$6,"-") -> 5.9650239 | D2: =IFERROR(IF(AND(ISNUMBER(케이스별_평균!$R$2),ISNUMBER(케이스별_평균!$R$6),케이스별_평균!$R$6<>0),(케이스별_평균!$R$2-케이스별_평균!$R$6)/케이스별_평균!$R$6,"-"),"-") -> 24.611167 | E2: =IF(ISNUMBER(케이스별_평균!$U$2),케이스별_평균!$U$2,"-") -> 23.096378 | F2: =IF(ISNUMBER(케이스별_평균!$U$6),케이스별_평균!$U$6,"-") -> 59.546222 | G2: =IFERROR(IF(AND(ISNUMBER(케이스별_평균!$U$2),ISNUMBER(케이스별_평균!$U$6),케이스별_평균!$U$6<>0),(케이스별_평균!$U$2-케이스별_평균!$U$6)/케이스별_평균!$U$6,"-"),"-") -> -0.6121269 | H2: =IF(ISNUMBER(케이스별_평균!$Y$2),케이스별_평균!$Y$2,"-") -> 99.336667 | I2: =IF(ISNUMBER(케이스별_평균!$Y$6),케이스별_평균!$Y$6,"-") -> 99.994 | J2: =IFERROR(IF(AND(ISNUMBER(케이스별_평균!$Y$2),ISNUMBER(케이스별_평균!$Y$6),케이스별_평균!$Y$6<>0),(케이스별_평균!$Y$2-케이스별_평균!$Y$6)/케이스별_평균!$Y$6,"-"),"-") -> -0.0065737278 | K2: =IF(ISNUMBER(케이스별_평균!$S$2),케이스별_평균!$S$2,"-") -> - | L2: =IF(ISNUMBER(케이스별_평균!$S$6),케이스별_평균!$S$6,"-") -> - | M2: =IFERROR(IF(AND(ISNUMBER(케이스별_평균!$S$2),ISNUMBER(케이스별_평균!$S$6),케이스별_평균!$S$6<>0),(케이스별_평균!$S$2-케이스별_평균!$S$6)/케이스별_평균!$S$6,"-"),"-") -> - | N2: =IF(ISNUMBER(케이스별_평균!$T$2),케이스별_평균!$T$2,"-") -> - | O2: =IF(ISNUMBER(케이스별_평균!$T$6),케이스별_평균!$T$6,"-") -> - | P2: =IFERROR(IF(AND(ISNUMBER(케이스별_평균!$T$2),ISNUMBER(케이스별_평균!$T$6),케이스별_평균!$T$6<>0),(케이스별_평균!$T$2-케이스별_평균!$T$6)/케이스별_평균!$T$6,"-"),"-") -> - | Q2: =IF(ISNUMBER(케이스별_평균!$AD$2),케이스별_평균!$AD$2,"-") -> 111.06867 | R2: =IF(ISNUMBER(케이스별_평균!$AD$6),케이스별_평균!$AD$6,"-") -> 4.0846667 | S2: =IFERROR(IF(AND(ISNUMBER(케이스별_평균!$AD$2),ISNUMBER(케이스별_평균!$AD$6),케이스별_평균!$AD$6<>0),(케이스별_평균!$AD$2-케이스별_평균!$AD$6)/케이스별_평균!$AD$6,"-"),"-") -> 26.191611 | T2: =IF(ISNUMBER(케이스별_평균!$AX$2),케이스별_평균!$AX$2,"-") -> 157.76528 | U2: =IF(ISNUMBER(케이스별_평균!$AX$6),케이스별_평균!$AX$6,"-") -> 10.588589 | V2: =IFERROR(IF(AND(ISNUMBER(케이스별_평균!$AX$2),ISNUMBER(케이스별_평균!$AX$6),케이스별_평균!$AX$6<>0),(케이스별_평균!$AX$2-케이스별_평균!$AX$6)/케이스별_평균!$AX$6,"-"),"-") -> 13.899556
A3: det_seg | B3: =IF(ISNUMBER(케이스별_평균!$R$3),케이스별_평균!$R$3,"-") -> 700.20033 | C3: =IF(ISNUMBER(케이스별_평균!$R$7),케이스별_평균!$R$7,"-") -> 610.53117 | D3: =IFERROR(IF(AND(ISNUMBER(케이스별_평균!$R$3),ISNUMBER(케이스별_평균!$R$7),케이스별_평균!$R$7<>0),(케이스별_평균!$R$3-케이스별_평균!$R$7)/케이스별_평균!$R$7,"-"),"-") -> 0.14687074 | E3: =IF(ISNUMBER(케이스별_평균!$U$3),케이스별_평균!$U$3,"-") -> 42.185433 | F3: =IF(ISNUMBER(케이스별_평균!$U$7),케이스별_평균!$U$7,"-") -> 41.0608 | G3: =IFERROR(IF(AND(ISNUMBER(케이스별_평균!$U$3),ISNUMBER(케이스별_평균!$U$7),케이스별_평균!$U$7<>0),(케이스별_평균!$U$3-케이스별_평균!$U$7)/케이스별_평균!$U$7,"-"),"-") -> 0.027389465 | H3: =IF(ISNUMBER(케이스별_평균!$Y$3),케이스별_평균!$Y$3,"-") -> 99.943333 | I3: =IF(ISNUMBER(케이스별_평균!$Y$7),케이스별_평균!$Y$7,"-") -> 99.999333 | J3: =IFERROR(IF(AND(ISNUMBER(케이스별_평균!$Y$3),ISNUMBER(케이스별_평균!$Y$7),케이스별_평균!$Y$7<>0),(케이스별_평균!$Y$3-케이스별_평균!$Y$7)/케이스별_평균!$Y$7,"-"),"-") -> -0.00056000373 | K3: =IF(ISNUMBER(케이스별_평균!$S$3),케이스별_평균!$S$3,"-") -> 734.76717 | L3: =IF(ISNUMBER(케이스별_평균!$S$7),케이스별_평균!$S$7,"-") -> 693.2175 | M3: =IFERROR(IF(AND(ISNUMBER(케이스별_평균!$S$3),ISNUMBER(케이스별_평균!$S$7),케이스별_평균!$S$7<>0),(케이스별_평균!$S$3-케이스별_평균!$S$7)/케이스별_평균!$S$7,"-"),"-") -> 0.059937417 | N3: =IF(ISNUMBER(케이스별_평균!$T$3),케이스별_평균!$T$3,"-") -> - | O3: =IF(ISNUMBER(케이스별_평균!$T$7),케이스별_평균!$T$7,"-") -> - | P3: =IFERROR(IF(AND(ISNUMBER(케이스별_평균!$T$3),ISNUMBER(케이스별_평균!$T$7),케이스별_평균!$T$7<>0),(케이스별_평균!$T$3-케이스별_평균!$T$7)/케이스별_평균!$T$7,"-"),"-") -> - | Q3: =IF(ISNUMBER(케이스별_평균!$AD$3),케이스별_평균!$AD$3,"-") -> 23.702 | R3: =IF(ISNUMBER(케이스별_평균!$AD$7),케이스별_평균!$AD$7,"-") -> 17.469 | S3: =IFERROR(IF(AND(ISNUMBER(케이스별_평균!$AD$3),ISNUMBER(케이스별_평균!$AD$7),케이스별_평균!$AD$7<>0),(케이스별_평균!$AD$3-케이스별_평균!$AD$7)/케이스별_평균!$AD$7,"-"),"-") -> 0.35680348 | T3: =IF(ISNUMBER(케이스별_평균!$AX$3),케이스별_평균!$AX$3,"-") -> 705.797 | U3: =IF(ISNUMBER(케이스별_평균!$AX$7),케이스별_평균!$AX$7,"-") -> 617.17683 | V3: =IFERROR(IF(AND(ISNUMBER(케이스별_평균!$AX$3),ISNUMBER(케이스별_평균!$AX$7),케이스별_평균!$AX$7<>0),(케이스별_평균!$AX$3-케이스별_평균!$AX$7)/케이스별_평균!$AX$7,"-"),"-") -> 0.14358959
A4: det_pose | B4: =IF(ISNUMBER(케이스별_평균!$R$4),케이스별_평균!$R$4,"-") -> 613.7645 | C4: =IF(ISNUMBER(케이스별_평균!$R$8),케이스별_평균!$R$8,"-") -> 566.06583 | D4: =IFERROR(IF(AND(ISNUMBER(케이스별_평균!$R$4),ISNUMBER(케이스별_평균!$R$8),케이스별_평균!$R$8<>0),(케이스별_평균!$R$4-케이스별_평균!$R$8)/케이스별_평균!$R$8,"-"),"-") -> 0.084263462 | E4: =IF(ISNUMBER(케이스별_평균!$U$4),케이스별_평균!$U$4,"-") -> 30.63985 | F4: =IF(ISNUMBER(케이스별_평균!$U$8),케이스별_평균!$U$8,"-") -> 26.796083 | G4: =IFERROR(IF(AND(ISNUMBER(케이스별_평균!$U$4),ISNUMBER(케이스별_평균!$U$8),케이스별_평균!$U$8<>0),(케이스별_평균!$U$4-케이스별_평균!$U$8)/케이스별_평균!$U$8,"-"),"-") -> 0.14344509 | H4: =IF(ISNUMBER(케이스별_평균!$Y$4),케이스별_평균!$Y$4,"-") -> 99.915333 | I4: =IF(ISNUMBER(케이스별_평균!$Y$8),케이스별_평균!$Y$8,"-") -> 99.994333 | J4: =IFERROR(IF(AND(ISNUMBER(케이스별_평균!$Y$4),ISNUMBER(케이스별_평균!$Y$8),케이스별_평균!$Y$8<>0),(케이스별_평균!$Y$4-케이스별_평균!$Y$8)/케이스별_평균!$Y$8,"-"),"-") -> -0.00079004477 | K4: =IF(ISNUMBER(케이스별_평균!$S$4),케이스별_평균!$S$4,"-") -> - | L4: =IF(ISNUMBER(케이스별_평균!$S$8),케이스별_평균!$S$8,"-") -> - | M4: =IFERROR(IF(AND(ISNUMBER(케이스별_평균!$S$4),ISNUMBER(케이스별_평균!$S$8),케이스별_평균!$S$8<>0),(케이스별_평균!$S$4-케이스별_평균!$S$8)/케이스별_평균!$S$8,"-"),"-") -> - | N4: =IF(ISNUMBER(케이스별_평균!$T$4),케이스별_평균!$T$4,"-") -> 615.78633 | O4: =IF(ISNUMBER(케이스별_평균!$T$8),케이스별_평균!$T$8,"-") -> 476.613 | P4: =IFERROR(IF(AND(ISNUMBER(케이스별_평균!$T$4),ISNUMBER(케이스별_평균!$T$8),케이스별_평균!$T$8<>0),(케이스별_평균!$T$4-케이스별_평균!$T$8)/케이스별_평균!$T$8,"-"),"-") -> 0.2920049 | Q4: =IF(ISNUMBER(케이스별_평균!$AD$4),케이스별_평균!$AD$4,"-") -> 23.109333 | R4: =IF(ISNUMBER(케이스별_평균!$AD$8),케이스별_평균!$AD$8,"-") -> 15.314 | S4: =IFERROR(IF(AND(ISNUMBER(케이스별_평균!$AD$4),ISNUMBER(케이스별_평균!$AD$8),케이스별_평균!$AD$8<>0),(케이스별_평균!$AD$4-케이스별_평균!$AD$8)/케이스별_평균!$AD$8,"-"),"-") -> 0.50903313 | T4: =IF(ISNUMBER(케이스별_평균!$AX$4),케이스별_평균!$AX$4,"-") -> 618.8395 | U4: =IF(ISNUMBER(케이스별_평균!$AX$8),케이스별_평균!$AX$8,"-") -> 571.68433 | V4: =IFERROR(IF(AND(ISNUMBER(케이스별_평균!$AX$4),ISNUMBER(케이스별_평균!$AX$8),케이스별_평균!$AX$8<>0),(케이스별_평균!$AX$4-케이스별_평균!$AX$8)/케이스별_평균!$AX$8,"-"),"-") -> 0.082484623
A5: det_seg_pose | B5: =IF(ISNUMBER(케이스별_평균!$R$5),케이스별_평균!$R$5,"-") -> 1312.8 | C5: =IF(ISNUMBER(케이스별_평균!$R$9),케이스별_평균!$R$9,"-") -> 1540.2733 | D5: =IFERROR(IF(AND(ISNUMBER(케이스별_평균!$R$5),ISNUMBER(케이스별_평균!$R$9),케이스별_평균!$R$9<>0),(케이스별_평균!$R$5-케이스별_평균!$R$9)/케이스별_평균!$R$9,"-"),"-") -> -0.14768374 | E5: =IF(ISNUMBER(케이스별_평균!$U$5),케이스별_평균!$U$5,"-") -> 35.288667 | F5: =IF(ISNUMBER(케이스별_평균!$U$9),케이스별_평균!$U$9,"-") -> 33.538067 | G5: =IFERROR(IF(AND(ISNUMBER(케이스별_평균!$U$5),ISNUMBER(케이스별_평균!$U$9),케이스별_평균!$U$9<>0),(케이스별_평균!$U$5-케이스별_평균!$U$9)/케이스별_평균!$U$9,"-"),"-") -> 0.052197404 | H5: =IF(ISNUMBER(케이스별_평균!$Y$5),케이스별_평균!$Y$5,"-") -> 99.999 | I5: =IF(ISNUMBER(케이스별_평균!$Y$9),케이스별_평균!$Y$9,"-") -> 99.999 | J5: =IFERROR(IF(AND(ISNUMBER(케이스별_평균!$Y$5),ISNUMBER(케이스별_평균!$Y$9),케이스별_평균!$Y$9<>0),(케이스별_평균!$Y$5-케이스별_평균!$Y$9)/케이스별_평균!$Y$9,"-"),"-") -> 0 | K5: =IF(ISNUMBER(케이스별_평균!$S$5),케이스별_평균!$S$5,"-") -> 1343.77 | L5: =IF(ISNUMBER(케이스별_평균!$S$9),케이스별_평균!$S$9,"-") -> 1306.5633 | M5: =IFERROR(IF(AND(ISNUMBER(케이스별_평균!$S$5),ISNUMBER(케이스별_평균!$S$9),케이스별_평균!$S$9<>0),(케이스별_평균!$S$5-케이스별_평균!$S$9)/케이스별_평균!$S$9,"-"),"-") -> 0.028476742 | N5: =IF(ISNUMBER(케이스별_평균!$T$5),케이스별_평균!$T$5,"-") -> 1331.9733 | O5: =IF(ISNUMBER(케이스별_평균!$T$9),케이스별_평균!$T$9,"-") -> 1288.8233 | P5: =IFERROR(IF(AND(ISNUMBER(케이스별_평균!$T$5),ISNUMBER(케이스별_평균!$T$9),케이스별_평균!$T$9<>0),(케이스별_평균!$T$5-케이스별_평균!$T$9)/케이스별_평균!$T$9,"-"),"-") -> 0.033480151 | Q5: =IF(ISNUMBER(케이스별_평균!$AD$5),케이스별_평균!$AD$5,"-") -> 26.027333 | R5: =IF(ISNUMBER(케이스별_평균!$AD$9),케이스별_평균!$AD$9,"-") -> 20.289 | S5: =IFERROR(IF(AND(ISNUMBER(케이스별_평균!$AD$5),ISNUMBER(케이스별_평균!$AD$9),케이스별_평균!$AD$9<>0),(케이스별_평균!$AD$5-케이스별_평균!$AD$9)/케이스별_평균!$AD$9,"-"),"-") -> 0.28282978 | T5: =IF(ISNUMBER(케이스별_평균!$AX$5),케이스별_평균!$AX$5,"-") -> 1318.1767 | U5: =IF(ISNUMBER(케이스별_평균!$AX$9),케이스별_평균!$AX$9,"-") -> 1546.0633 | V5: =IFERROR(IF(AND(ISNUMBER(케이스별_평균!$AX$5),ISNUMBER(케이스별_평균!$AX$9),케이스별_평균!$AX$9<>0),(케이스별_평균!$AX$5-케이스별_평균!$AX$9)/케이스별_평균!$AX$9,"-"),"-") -> -0.14739802
A7: 차이(%) 는 (NPU-CPU)/CPU — 양수면 NPU가 더 큼(느림/높음), 음수면 NPU가 더 작음(빠름/낮음).
