Workbook

Sheet 컬럼설명
A2: 컬럼명 | B2: 설명
A3: postprocess_engine | B3: Detection 후처리(NMS) 실행 위치. NPU=yolov5xs_wo_spp_nms_core.hef(engine=nn_core/auto, neural core에서 NMS), CPU=yolov5xs_wo_spp.hef(engine=cpu, 호스트 CPU에서 NMS)
A4: combo | B4: 이번 실행에서 활성화된 모델 조합: det / det+seg / det+pose / det+seg+pose (Detection은 실험 축이라 항상 켜둠)
A5: run_id | B5: 실행 순번(스크립트가 크래시 재시도를 하면서 자동 채번 — 중복될 수 있음, 조합 구분에는 영향 없음)
A6: use_det/use_seg/use_pose | B6: 해당 모델 활성화 여부(1=켜짐, 0=꺼짐)
A7: batch_det/seg/pose | B7: 배치 크기(이번 실험은 전부 기본값 1로 고정)
A8: threshold_det/seg/pose | B8: 스케줄러 threshold(전부 기본값 1로 고정)
A9: timeout_ms | B9: 스케줄러 timeout(전부 기본값 0ms로 고정)
A10: priority_det/seg/pose | B10: 스케줄러 priority(전부 기본값 0으로 고정)
A11: det/seg/pose_latency_ms | B11: 모델별 평균 추론 latency(HailoRT vstream write→read 왕복시간, ms). Detection의 경우 후처리(NMS) 실행 위치에 따라 이 값에 큰 차이가 남 — 'NPU_vs_CPU_비교' 시트 참고
A12: cpu_percent | B12: 실행 구간 전체 호스트 CPU 사용률(%) — 이 실행에서 활성화된 모든 모델 스레드 합산
A13: mem_percent | B13: 실행 구간 메모리 사용률(%)
... A20: 케이스별_3회평균 시트 비고 | B20: '전체' 시트의 원본 컬럼 전부(run_id 포함, 49개)에 대해 조건×조합별 AVERAGEIFS 평균을 계산함. NaN만 있는 컬럼이나 조합상 비활성 모델의 컬럼은 '-'로 표시(IFERROR 처리).

Sheet 전체
A1: postprocess_engine | B1: combo | C1: run_id | D1: use_det | E1: use_seg | F1: use_pose | G1: batch_det | H1: batch_seg | I1: batch_pose | J1: threshold_det | K1: threshold_seg | L1: threshold_pose | M1: timeout_ms | N1: priority_det | O1: priority_seg | P1: priority_pose | Q1: det_latency_ms | R1: seg_latency_ms | S1: pose_latency_ms | T1: cpu_percent | U1: mem_percent | V1: voluntary_ctx_switches | W1: nonvoluntary_ctx_switches | X1: npu_percent | Y1: switches_per_s | Z1: idle_time_pct | AA1: run_time_s | AB1: avg_fps_det | AC1: avg_latency_det | AD1: max_latency_det | AE1: activation_det | AF1: avg_fps_seg | AG1: avg_latency_seg | AH1: max_latency_seg | AI1: activation_seg | AJ1: avg_fps_pose | AK1: avg_latency_pose | AL1: max_latency_pose | AM1: activation_pose | AN1: total_time_det_s | AO1: total_time_seg_s | AP1: total_time_pose_s | AQ1: avg_preprocess_ms_det | AR1: avg_preprocess_ms_seg | AS1: avg_preprocess_ms_pose | AT1: postprocess_ms_det | AU1: postprocess_ms_seg | AV1: postprocess_ms_pose | AW1: total_time_ms_det | AX1: total_time_ms_seg | AY1: total_time_ms_pose
A2: NPU | B2: det+seg+pose | C2: 1 | D2: 1 | E2: 1 | F2: 1 | G2: 1 | H2: 1 | I2: 1 | J2: 1 | K2: 1 | L2: 1 | M2: 0 | N2: 0 | O2: 0 | P2: 0 | Q2: 700.53 | R2: 719.206 | S2: 694.414 | T2: 40.4738 | U2: 21.2541 | V2: 16416 | W2: 18102 | X2: NaN | Y2: NaN | Z2: NaN | AA2: 52.3039 | AB2: NaN | AC2: NaN | AD2: NaN | AE2: NaN | AF2: NaN | AG2: NaN | AH2: NaN | AI2: NaN | AJ2: NaN | AK2: NaN | AL2: NaN | AM2: NaN | AN2: 52.1791 | AO2: 52.127 | AP2: 52.1424 | AQ2: 5.61794 | AR2: 7.01204 | AS2: 7.14797 | AT2: 0.0107179 | AU2: 39.3374 | AV2: 0.176184 | AW2: 706.159 | AX2: 765.555 | AY2: 701.738
A3: NPU | B3: det+seg+pose | C3: 1 | D3: 1 | E3: 1 | F3: 1 | G3: 1 | H3: 1 | I3: 1 | J3: 1 | K3: 1 | L3: 1 | M3: 0 | N3: 0 | O3: 0 | P3: 0 | Q3: 693.395 | R3: 715.697 | S3: 687.962 | T3: 39.8691 | U3: 21.1279 | V3: 14323 | W3: 13050 | X3: NaN | Y3: NaN | Z3: NaN | AA3: 51.8244 | AB3: NaN | AC3: NaN | AD3: NaN | AE3: NaN | AF3: NaN | AG3: NaN | AH3: NaN | AI3: NaN | AJ3: NaN | AK3: NaN | AL3: NaN | AM3: NaN | AN3: 51.6243 | AO3: 51.6503 | AP3: 51.6657 | AQ3: 5.4798 | AR3: 5.04382 | AS3: 7.0896 | AT3: 0.0104081 | AU3: 38.9295 | AV3: 0.182778 | AW3: 698.885 | AX3: 759.67 | AY3: 695.235
A4: NPU | B4: det | C4: 2 | D4: 1 | E4: 0 | F4: 0 | G4: 1 | H4: 1 | I4: 1 | J4: 1 | K4: 1 | L4: 1 | M4: 0 | N4: 0 | O4: 0 | P4: 0 | Q4: 152.874 | R4: NaN | S4: NaN | T4: 22.0357 | U4: 20.2283 | V4: 1338 | W4: 665 | X4: NaN | Y4: NaN | Z4: NaN | AA4: 9.62956 | AB4: NaN | AC4: NaN | AD4: NaN | AE4: NaN | AF4: NaN | AG4: NaN | AH4: NaN | AI4: NaN | AJ4: NaN | AK4: NaN | AL4: NaN | AM4: NaN | AN4: 9.61719 | AO4: NaN | AP4: NaN | AQ4: 4.92733 | AR4: NaN | AS4: NaN | AT4: 0.00945256 | AU4: NaN | AV4: NaN | AW4: 157.811 | AX4: NaN | AY4: NaN
A5: NPU | B5: det | C5: 3 | D5: 1 | E5: 0 | F5: 0 | G5: 1 | H5: 1 | I5: 1 | J5: 1 | K5: 1 | L5: 1 | M5: 0 | N5: 0 | O5: 0 | P5: 0 | Q5: 152.51 | R5: NaN | S5: NaN | T5: 22.7201 | U5: 20.0856 | V5: 1336 | W5: 616 | X5: NaN | Y5: NaN | Z5: NaN | AA5: 9.61753 | AB5: NaN | AC5: NaN | AD5: NaN | AE5: NaN | AF5: NaN | AG5: NaN | AH5: NaN | AI5: NaN | AJ5: NaN | AK5: NaN | AL5: NaN | AM5: NaN | AN5: 9.60528 | AO5: NaN | AP5: NaN | AQ5: 5.12194 | AR5: NaN | AS5: NaN | AT5: 0.00935788 | AU5: NaN | AV5: NaN | AW5: 157.642 | AX5: NaN | AY5: NaN
A6: NPU | B6: det | C6: 4 | D6: 1 | E6: 0 | F6: 0 | G6: 1 | H6: 1 | I6: 1 | J6: 1 | K6: 1 | L6: 1 | M6: 0 | N6: 0 | O6: 0 | P6: 0 | Q6: 152.36 | R6: NaN | S6: NaN | T6: 23.3998 | U6: 20.2006 | V6: 1337 | W6: 956 | X6: NaN | Y6: NaN | Z6: NaN | AA6: 9.62235 | AB6: NaN | AC6: NaN | AD6: NaN | AE6: NaN | AF6: NaN | AG6: NaN | AH6: NaN | AI6: NaN | AJ6: NaN | AK6: NaN | AL6: NaN | AM6: NaN | AN6: 9.61039 | AO6: NaN | AP6: NaN | AQ6: 5.39511 | AR6: NaN | AS6: NaN | AT6: 0.0106196 | AU6: NaN | AV6: NaN | AW6: 157.766 | AX6: NaN | AY6: NaN
A7: NPU | B7: det+seg | C7: 5 | D7: 1 | E7: 1 | F7: 0 | G7: 1 | H7: 1 | I7: 1 | J7: 1 | K7: 1 | L7: 1 | M7: 0 | N7: 0 | O7: 0 | P7: 0 | Q7: 531.791 | R7: 576.166 | S7: NaN | T7: 45.0773 | U7: 20.6432 | V7: 8226 | W7: 5435 | X7: NaN | Y7: NaN | Z7: NaN | AA7: 39.6755 | AB7: NaN | AC7: NaN | AD7: NaN | AE7: NaN | AF7: NaN | AG7: NaN | AH7: NaN | AI7: NaN | AJ7: NaN | AK7: NaN | AL7: NaN | AM7: NaN | AN7: 39.5054 | AO7: 39.5041 | AP7: NaN | AQ7: 5.73483 | AR7: 5.26298 | AS7: NaN | AT7: 0.0103957 | AU7: 37.2736 | AV7: NaN | AW7: 537.536 | AX7: 618.702 | AY7: NaN
A8: NPU | B8: det+seg | C8: 6 | D8: 1 | E8: 1 | F8: 0 | G8: 1 | H8: 1 | I8: 1 | J8: 1 | K8: 1 | L8: 1 | M8: 0 | N8: 0 | O8: 0 | P8: 0 | Q8: 532.628 | R8: 576.737 | S8: NaN | T8: 44.8626 | U8: 20.4205 | V8: 8218 | W8: 5161 | X8: NaN | Y8: NaN | Z8: NaN | AA8: 39.8025 | AB8: NaN | AC8: NaN | AD8: NaN | AE8: NaN | AF8: NaN | AG8: NaN | AH8: NaN | AI8: NaN | AJ8: NaN | AK8: NaN | AL8: NaN | AM8: NaN | AN8: 39.5786 | AO8: 39.6297 | AP8: NaN | AQ8: 5.74937 | AR8: 5.20474 | AS8: NaN | AT8: 0.0107487 | AU8: 37.1788 | AV8: NaN | AW8: 538.388 | AX8: 619.12 | AY8: NaN
A9: NPU | B9: det+seg | C9: 7 | D9: 1 | E9: 1 | F9: 0 | G9: 1 | H9: 1 | I9: 1 | J9: 1 | K9: 1 | L9: 1 | M9: 0 | N9: 0 | O9: 0 | P9: 0 | Q9: 531.157 | R9: 574.593 | S9: NaN | T9: 44.9727 | U9: 20.6477 | V9: 8261 | W9: 5650 | X9: NaN | Y9: NaN | Z9: NaN | AA9: 39.6307 | AB9: NaN | AC9: NaN | AD9: NaN | AE9: NaN | AF9: NaN | AG9: NaN | AH9: NaN | AI9: NaN | AJ9: NaN | AK9: NaN | AL9: NaN | AM9: NaN | AN9: 39.4774 | AO9: 39.4596 | AP9: NaN | AQ9: 5.73859 | AR9: 5.21411 | AS9: NaN | AT9: 0.0131393 | AU9: 37.0732 | AV9: NaN | AW9: 536.909 | AX9: 616.881 | AY9: NaN
A10: NPU | B10: det+pose | C10: 8 | D10: 1 | E10: 0 | F10: 1 | G10: 1 | H10: 1 | I10: 1 | J10: 1 | K10: 1 | L10: 1 | M10: 0 | N10: 0 | O10: 0 | P10: 0 | Q10: 480.101 | R10: NaN | S10: 473.237 | T10: 30.5518 | U10: 20.0641 | V10: 7330 | W10: 5390 | X10: NaN | Y10: NaN | Z10: NaN | AA10: 35.5909 | AB10: NaN | AC10: NaN | AD10: NaN | AE10: NaN | AF10: NaN | AG10: NaN | AH10: NaN | AI10: NaN | AJ10: NaN | AK10: NaN | AL10: NaN | AM10: NaN | AN10: 35.5586 | AO10: NaN | AP10: 35.5726 | AQ10: 4.95342 | AR10: NaN | AS10: 5.80592 | AT10: 0.0093216 | AU10: NaN | AV10: 0.15245 | AW10: 485.063 | AX10: NaN | AY10: 479.195
A11: NPU | B11: det+pose | C11: 9 | D11: 1 | E11: 0 | F11: 1 | G11: 1 | H11: 1 | I11: 1 | J11: 1 | K11: 1 | L11: 1 | M11: 0 | N11: 0 | O11: 0 | P11: 0 | Q11: 480.97 | R11: NaN | S11: 474.497 | T11: 30.6406 | U11: 20.168 | V11: 7289 | W11: 4386 | X11: NaN | Y11: NaN | Z11: NaN | AA11: 35.6539 | AB11: NaN | AC11: NaN | AD11: NaN | AE11: NaN | AF11: NaN | AG11: NaN | AH11: NaN | AI11: NaN | AJ11: NaN | AK11: NaN | AL11: NaN | AM11: NaN | AN11: 35.6223 | AO11: NaN | AP11: 35.6406 | AQ11: 4.9713 | AR11: NaN | AS11: 5.78089 | AT11: 0.00919101 | AU11: NaN | AV11: 0.157095 | AW11: 485.951 | AX11: NaN | AY11: 480.435
A12: NPU | B12: det+pose | C12: 10 | D12: 1 | E12: 0 | F12: 1 | G12: 1 | H12: 1 | I12: 1 | J12: 1 | K12: 1 | L12: 1 | M12: 0 | N12: 0 | O12: 0 | P12: 0 | Q12: 481.087 | R12: NaN | S12: 473.849 | T12: 30.9238 | U12: 20.1486 | V12: 7414 | W12: 5662 | X12: NaN | Y12: NaN | Z12: NaN | AA12: 35.6388 | AB12: NaN | AC12: NaN | AD12: NaN | AE12: NaN | AF12: NaN | AG12: NaN | AH12: NaN | AI12: NaN | AJ12: NaN | AK12: NaN | AL12: NaN | AM12: NaN | AN12: 35.625 | AO12: NaN | AP12: 35.591 | AQ12: 4.98116 | AR12: NaN | AS12: 5.81864 | AT12: 0.00894977 | AU12: NaN | AV12: 0.163553 | AW12: 486.077 | AX12: NaN | AY12: 479.832
A13: NPU | B13: det+seg+pose | C13: 11 | D13: 1 | E13: 1 | F13: 1 | G13: 1 | H13: 1 | I13: 1 | J13: 1 | K13: 1 | L13: 1 | M13: 0 | N13: 0 | O13: 0 | P13: 0 | Q13: 692.48 | R13: 713.838 | S13: 686.507 | T13: 40.1333 | U13: 20.8466 | V13: 14187 | W13: 11383 | X13: NaN | Y13: NaN | Z13: NaN | AA13: 51.7034 | AB13: NaN | AC13: NaN | AD13: NaN | AE13: NaN | AF13: NaN | AG13: NaN | AH13: NaN | AI13: NaN | AJ13: NaN | AK13: NaN | AL13: NaN | AM13: NaN | AN13: 51.5781 | AO13: 51.5299 | AP13: 51.5427 | AQ13: 5.61465 | AR13: 5.05005 | AS13: 7.06818 | AT13: 0.0103072 | AU13: 38.9056 | AV13: 0.162872 | AW13: 698.105 | AX13: 757.794 | AY13: 693.739
A14: CPU | B14: det | C14: 1 | D14: 1 | E14: 0 | F14: 0 | G14: 1 | H14: 1 | I14: 1 | J14: 1 | K14: 1 | L14: 1 | M14: 0 | N14: 0 | O14: 0 | P14: 0 | Q14: 4.59665 | R14: NaN | S14: NaN | T14: 56.4175 | U14: 12.9151 | V14: 831 | W14: 96 | X14: NaN | Y14: NaN | Z14: NaN | AA14: 3.55384 | AB14: NaN | AC14: NaN | AD14: NaN | AE14: NaN | AF14: NaN | AG14: NaN | AH14: NaN | AI14: NaN | AJ14: NaN | AK14: NaN | AL14: NaN | AM14: NaN | AN14: 3.5418 | AO14: NaN | AP14: NaN | AQ14: 4.56162 | AR14: NaN | AS14: NaN | AT14: 0.00713195 | AU14: NaN | AV14: NaN | AW14: 9.1654 | AX14: NaN | AY14: NaN
A15: CPU | B15: det | C15: 2 | D15: 1 | E15: 0 | F15: 0 | G15: 1 | H15: 1 | I15: 1 | J15: 1 | K15: 1 | L15: 1 | M15: 0 | N15: 0 | O15: 0 | P15: 0 | Q15: 4.62641 | R15: NaN | S15: NaN | T15: 55.8273 | U15: 12.0872 | V15: 1124 | W15: 95 | X15: NaN | Y15: NaN | Z15: NaN | AA15: 3.48665 | AB15: NaN | AC15: NaN | AD15: NaN | AE15: NaN | AF15: NaN | AG15: NaN | AH15: NaN | AI15: NaN | AJ15: NaN | AK15: NaN | AL15: NaN | AM15: NaN | AN15: 3.47462 | AO15: NaN | AP15: NaN | AQ15: 4.46529 | AR15: NaN | AS15: NaN | AT15: 0.00870708 | AU15: NaN | AV15: NaN | AW15: 9.10041 | AX15: NaN | AY15: NaN
A16: CPU | B16: det | C16: 3 | D16: 1 | E16: 0 | F16: 0 | G16: 1 | H16: 1 | I16: 1 | J16: 1 | K16: 1 | L16: 1 | M16: 0 | N16: 0 | O16: 0 | P16: 0 | Q16: 4.63674 | R16: NaN | S16: NaN | T16: 55.4506 | U16: 11.41 | V16: 1091 | W16: 75 | X16: NaN | Y16: NaN | Z16: NaN | AA16: 3.4755 | AB16: NaN | AC16: NaN | AD16: NaN | AE16: NaN | AF16: NaN | AG16: NaN | AH16: NaN | AI16: NaN | AJ16: NaN | AK16: NaN | AL16: NaN | AM16: NaN | AN16: 3.46352 | AO16: NaN | AP16: NaN | AQ16: 4.44977 | AR16: NaN | AS16: NaN | AT16: 0.00783463 | AU16: NaN | AV16: NaN | AW16: 9.09435 | AX16: NaN | AY16: NaN
A17: CPU | B17: det+seg | C17: 4 | D17: 1 | E17: 1 | F17: 0 | G17: 1 | H17: 1 | I17: 1 | J17: 1 | K17: 1 | L17: 1 | M17: 0 | N17: 0 | O17: 0 | P17: 0 | Q17: 116.524 | R17: 709.604 | S17: NaN | T17: 39.0803 | U17: 12.3885 | V17: 7899 | W17: 3692 | X17: NaN | Y17: NaN | Z17: NaN | AA17: 27.5899 | AB17: NaN | AC17: NaN | AD17: NaN | AE17: NaN | AF17: NaN | AG17: NaN | AH17: NaN | AI17: NaN | AJ17: NaN | AK17: NaN | AL17: NaN | AM17: NaN | AN17: 9.14546 | AO17: 27.4204 | AP17: NaN | AQ17: 5.5661 | AR17: 5.64621 | AS17: NaN | AT17: 0.0103178 | AU17: 36.4798 | AV17: NaN | AW17: 122.1 | AX17: 751.73 | AY17: NaN
A18: CPU | B18: det+seg | C18: 5 | D18: 1 | E18: 1 | F18: 0 | G18: 1 | H18: 1 | I18: 1 | J18: 1 | K18: 1 | L18: 1 | M18: 0 | N18: 0 | O18: 0 | P18: 0 | Q18: 116.829 | R18: 710.11 | S18: NaN | T18: 38.9719 | U18: 12.386 | V18: 8008 | W18: 4231 | X18: NaN | Y18: NaN | Z18: NaN | AA18: 27.609 | AB18: NaN | AC18: NaN | AD18: NaN | AE18: NaN | AF18: NaN | AG18: NaN | AH18: NaN | AI18: NaN | AJ18: NaN | AK18: NaN | AL18: NaN | AM18: NaN | AN18: 9.16224 | AO18: 27.438 | AP18: NaN | AQ18: 5.64353 | AR18: 5.71545 | AS18: NaN | AT18: 0.0126565 | AU18: 36.4349 | AV18: NaN | AW18: 122.485 | AX18: 752.26 | AY18: NaN
A19: CPU | B19: det+seg | C19: 6 | D19: 1 | E19: 1 | F19: 0 | G19: 1 | H19: 1 | I19: 1 | J19: 1 | K19: 1 | L19: 1 | M19: 0 | N19: 0 | O19: 0 | P19: 0 | Q19: 115.77 | R19: 709.45 | S19: NaN | T19: 38.6634 | U19: 12.4465 | V19: 7971 | W19: 4022 | X19: NaN | Y19: NaN | Z19: NaN | AA19: 27.6589 | AB19: NaN | AC19: NaN | AD19: NaN | AE19: NaN | AF19: NaN | AG19: NaN | AH19: NaN | AI19: NaN | AJ19: NaN | AK19: NaN | AL19: NaN | AM19: NaN | AN19: 9.10966 | AO19: 27.4875 | AP19: NaN | AQ19: 5.65676 | AR19: 5.69932 | AS19: NaN | AT19: 0.0155057 | AU19: 36.4477 | AV19: NaN | AW19: 121.442 | AX19: 751.597 | AY19: NaN
A20: CPU | B20: det+pose | C20: 7 | D20: 1 | E20: 0 | F20: 1 | G20: 1 | H20: 1 | I20: 1 | J20: 1 | K20: 1 | L20: 1 | M20: 0 | N20: 0 | O20: 0 | P20: 0 | Q20: 316.216 | R20: NaN | S20: 261.571 | T20: 24.2803 | U20: 11.7481 | V20: 7576 | W20: 2791 | X20: NaN | Y20: NaN | Z20: NaN | AA20: 19.6825 | AB20: NaN | AC20: NaN | AD20: NaN | AE20: NaN | AF20: NaN | AG20: NaN | AH20: NaN | AI20: NaN | AJ20: NaN | AK20: NaN | AL20: NaN | AM20: NaN | AN20: 19.6687 | AO20: NaN | AP20: 19.6578 | AQ20: 5.23327 | AR20: NaN | AS20: 5.97278 | AT20: 0.00772652 | AU20: NaN | AV20: 0.164223 | AW20: 321.457 | AX20: NaN | AY20: 267.708
A21: CPU | B21: det+pose | C21: 8 | D21: 1 | E21: 0 | F21: 1 | G21: 1 | H21: 1 | I21: 1 | J21: 1 | K21: 1 | L21: 1 | M21: 0 | N21: 0 | O21: 0 | P21: 0 | Q21: 316.475 | R21: NaN | S21: 261.67 | T21: 23.647 | U21: 11.5546 | V21: 7583 | W21: 3395 | X21: NaN | Y21: NaN | Z21: NaN | AA21: 19.6736 | AB21: NaN | AC21: NaN | AD21: NaN | AE21: NaN | AF21: NaN | AG21: NaN | AH21: NaN | AI21: NaN | AJ21: NaN | AK21: NaN | AL21: NaN | AM21: NaN | AN21: 19.6602 | AO21: NaN | AP21: 19.6495 | AQ21: 4.91413 | AR21: NaN | AS21: 5.7218 | AT21: 0.00779472 | AU21: NaN | AV21: 0.15335 | AW21: 321.397 | AX21: NaN | AY21: 267.546
A22: CPU | B22: det+pose | C22: 9 | D22: 1 | E22: 0 | F22: 1 | G22: 1 | H22: 1 | I22: 1 | J22: 1 | K22: 1 | L22: 1 | M22: 0 | N22: 0 | O22: 0 | P22: 0 | Q22: 316.465 | R22: NaN | S22: 261.742 | T22: 23.3269 | U22: 11.5581 | V22: 7599 | W22: 3189 | X22: NaN | Y22: NaN | Z22: NaN | AA22: 19.6836 | AB22: NaN | AC22: NaN | AD22: NaN | AE22: NaN | AF22: NaN | AG22: NaN | AH22: NaN | AI22: NaN | AJ22: NaN | AK22: NaN | AL22: NaN | AM22: NaN | AN22: 19.6691 | AO22: NaN | AP22: 19.6582 | AQ22: 5.05053 | AR22: NaN | AS22: 5.79565 | AT22: 0.00724042 | AU22: NaN | AV22: 0.157341 | AW22: 321.522 | AX22: NaN | AY22: 267.695
A23: CPU | B23: det+seg+pose | C23: 10 | D23: 1 | E23: 1 | F23: 1 | G23: 1 | H23: 1 | I23: 1 | J23: 1 | K23: 1 | L23: 1 | M23: 0 | N23: 0 | O23: 0 | P23: 0 | Q23: 557.465 | R23: 543.708 | S23: 459.576 | T23: 39.8962 | U23: 12.798 | V23: 14655 | W23: 9432 | X23: NaN | Y23: NaN | Z23: NaN | AA23: 34.8542 | AB23: NaN | AC23: NaN | AD23: NaN | AE23: NaN | AF23: NaN | AG23: NaN | AH23: NaN | AI23: NaN | AJ23: NaN | AK23: NaN | AL23: NaN | AM23: NaN | AN23: 34.5557 | AO23: 34.6697 | AP23: 34.5457 | AQ23: 5.89152 | AR23: 5.55427 | AS23: 6.8402 | AT23: 0.00920697 | AU23: 38.36 | AV23: 0.158576 | AW23: 563.365 | AX23: 587.622 | AY23: 466.575
A24: CPU | B24: det+seg+pose | C24: 11 | D24: 1 | E24: 1 | F24: 1 | G24: 1 | H24: 1 | I24: 1 | J24: 1 | K24: 1 | L24: 1 | M24: 0 | N24: 0 | O24: 0 | P24: 0 | Q24: 555.56 | R24: 542.318 | S24: 458.248 | T24: 39.9928 | U24: 12.9151 | V24: 14456 | W24: 9179 | X24: NaN | Y24: NaN | Z24: NaN | AA24: 34.7511 | AB24: NaN | AC24: NaN | AD24: NaN | AE24: NaN | AF24: NaN | AG24: NaN | AH24: NaN | AI24: NaN | AJ24: NaN | AK24: NaN | AL24: NaN | AM24: NaN | AN24: 34.454 | AO24: 34.5794 | AP24: 34.4446 | AQ24: 5.85761 | AR24: 5.57704 | AS24: 6.82834 | AT24: 0.00920987 | AU24: 38.333 | AV24: 0.156885 | AW24: 561.427 | AX24: 586.228 | AY24: 465.233
A25: CPU | B25: det+seg+pose | C25: 12 | D25: 1 | E25: 1 | F25: 1 | G25: 1 | H25: 1 | I25: 1 | J25: 1 | K25: 1 | L25: 1 | M25: 0 | N25: 0 | O25: 0 | P25: 0 | Q25: 556.707 | R25: 543.787 | S25: 458.881 | T25: 39.9029 | U25: 12.8247 | V25: 14594 | W25: 9842 | X25: NaN | Y25: NaN | Z25: NaN | AA25: 34.7594 | AB25: NaN | AC25: NaN | AD25: NaN | AE25: NaN | AF25: NaN | AG25: NaN | AH25: NaN | AI25: NaN | AJ25: NaN | AK25: NaN | AL25: NaN | AM25: NaN | AN25: 34.5157 | AO25: 34.5865 | AP25: 34.5052 | AQ25: 5.95064 | AR25: 5.58665 | AS25: 6.92806 | AT25: 0.00993975 | AU25: 38.4544 | AV25: 0.161112 | AW25: 562.667 | AX25: 587.828 | AY25: 465.97

Sheet 케이스별_3회평균
A1: postprocess_engine | B1: combo | C1: n(반복횟수) | D1: run_id_avg | E1: use_det_avg | F1: use_seg_avg | G1: use_pose_avg | H1: batch_det_avg | I1: batch_seg_avg | J1: batch_pose_avg | K1: threshold_det_avg | L1: threshold_seg_avg | M1: threshold_pose_avg | N1: timeout_ms_avg | O1: priority_det_avg | P1: priority_seg_avg | Q1: priority_pose_avg | R1: det_latency_ms_avg | S1: seg_latency_ms_avg | T1: pose_latency_ms_avg | U1: cpu_percent_avg | V1: mem_percent_avg | W1: voluntary_ctx_switches_avg | X1: nonvoluntary_ctx_switches_avg | Y1: npu_percent_avg | Z1: switches_per_s_avg | AA1: idle_time_pct_avg | AB1: run_time_s_avg | AC1: avg_fps_det_avg | AD1: avg_latency_det_avg | AE1: max_latency_det_avg | AF1: activation_det_avg | AG1: avg_fps_seg_avg | AH1: avg_latency_seg_avg | AI1: max_latency_seg_avg | AJ1: activation_seg_avg | AK1: avg_fps_pose_avg | AL1: avg_latency_pose_avg | AM1: max_latency_pose_avg | AN1: activation_pose_avg | AO1: total_time_det_s_avg | AP1: total_time_seg_s_avg | AQ1: total_time_pose_s_avg | AR1: avg_preprocess_ms_det_avg | AS1: avg_preprocess_ms_seg_avg | AT1: avg_preprocess_ms_pose_avg | AU1: postprocess_ms_det_avg | AV1: postprocess_ms_seg_avg | AW1: postprocess_ms_pose_avg | AX1: total_time_ms_det_avg | AY1: total_time_ms_seg_avg | AZ1: total_time_ms_pose_avg
A2: NPU | B2: det | C2: =COUNTIFS(전체!A2:A25,$A2,전체!B2:B25,$B2) -> 3 | D2: =IFERROR(AVERAGEIFS(전체!C2:C25,전체!A2:A25,$A2,전체!B2:B25,$B2),"-") -> 3 | E2: =IFERROR(AVERAGEIFS(전체!D2:D25,전체!A2:A25,$A2,전체!B2:B25,$B2),"-") -> 1 | F2: =IFERROR(AVERAGEIFS(전체!E2:E25,전체!A2:A25,$A2,전체!B2:B25,$B2),"-") -> 0 | G2: =IFERROR(AVERAGEIFS(전체!F2:F25,전체!A2:A25,$A2,전체!B2:B25,$B2),"-") -> 0 | H2: =IFERROR(AVERAGEIFS(전체!G2:G25,전체!A2:A25,$A2,전체!B2:B25,$B2),"-") -> 1 | I2: =IFERROR(AVERAGEIFS(전체!H2:H25,전체!A2:A25,$A2,전체!B2:B25,$B2),"-") -> 1 | J2: =IFERROR(AVERAGEIFS(전체!I2:I25,전체!A2:A25,$A2,전체!B2:B25,$B2),"-") -> 1 | K2: =IFERROR(AVERAGEIFS(전체!J2:J25,전체!A2:A25,$A2,전체!B2:B25,$B2),"-") -> 1 | L2: =IFERROR(AVERAGEIFS(전체!K2:K25,전체!A2:A25,$A2,전체!B2:B25,$B2),"-") -> 1 | M2: =IFERROR(AVERAGEIFS(전체!L2:L25,전체!A2:A25,$A2,전체!B2:B25,$B2),"-") -> 1 | N2: =IFERROR(AVERAGEIFS(전체!M2:M25,전체!A2:A25,$A2,전체!B2:B25,$B2),"-") -> 0 | O2: =IFERROR(AVERAGEIFS(전체!N2:N25,전체!A2:A25,$A2,전체!B2:B25,$B2),"-") -> 0 | P2: =IFERROR(AVERAGEIFS(전체!O2:O25,전체!A2:A25,$A2,전체!B2:B25,$B2),"-") -> 0 | Q2: =IFERROR(AVERAGEIFS(전체!P2:P25,전체!A2:A25,$A2,전체!B2:B25,$B2),"-") -> 0 | R2: =IFERROR(AVERAGEIFS(전체!Q2:Q25,전체!A2:A25,$A2,전체!B2:B25,$B2),"-") -> 152.58133 | S2: =IFERROR(AVERAGEIFS(전체!R2:R25,전체!A2:A25,$A2,전체!B2:B25,$B2),"-") -> - | T2: =IFERROR(AVERAGEIFS(전체!S2:S25,전체!A2:A25,$A2,전체!B2:B25,$B2),"-") -> - | U2: =IFERROR(AVERAGEIFS(전체!T2:T25,전체!A2:A25,$A2,전체!B2:B25,$B2),"-") -> 22.718533 | V2: =IFERROR(AVERAGEIFS(전체!U2:U25,전체!A2:A25,$A2,전체!B2:B25,$B2),"-") -> 20.1715 | W2: =IFERROR(AVERAGEIFS(전체!V2:V25,전체!A2:A25,$A2,전체!B2:B25,$B2),"-") -> 1337 | X2: =IFERROR(AVERAGEIFS(전체!W2:W25,전체!A2:A25,$A2,전체!B2:B25,$B2),"-") -> 745.66667 | Y2: =IFERROR(AVERAGEIFS(전체!X2:X25,전체!A2:A25,$A2,전체!B2:B25,$B2),"-") -> - | Z2: =IFERROR(AVERAGEIFS(전체!Y2:Y25,전체!A2:A25,$A2,전체!B2:B25,$B2),"-") -> - | AA2: =IFERROR(AVERAGEIFS(전체!Z2:Z25,전체!A2:A25,$A2,전체!B2:B25,$B2),"-") -> - | AB2: =IFERROR(AVERAGEIFS(전체!AA2:AA25,전체!A2:A25,$A2,전체!B2:B25,$B2),"-") -> 9.6231467 | AC2: =IFERROR(AVERAGEIFS(전체!AB2:AB25,전체!A2:A25,$A2,전체!B2:B25,$B2),"-") -> - | AD2: =IFERROR(AVERAGEIFS(전체!AC2:AC25,전체!A2:A25,$A2,전체!B2:B25,$B2),"-") -> - | AE2: =IFERROR(AVERAGEIFS(전체!AD2:AD25,전체!A2:A25,$A2,전체!B2:B25,$B2),"-") -> - | AF2: =IFERROR(AVERAGEIFS(전체!AE2:AE25,전체!A2:A25,$A2,전체!B2:B25,$B2),"-") -> - | AG2: =IFERROR(AVERAGEIFS(전체!AF2:AF25,전체!A2:A25,$A2,전체!B2:B25,$B2),"-") -> - | AH2: =IFERROR(AVERAGEIFS(전체!AG2:AG25,전체!A2:A25,$A2,전체!B2:B25,$B2),"-") -> - | AI2: =IFERROR(AVERAGEIFS(전체!AH2:AH25,전체!A2:A25,$A2,전체!B2:B25,$B2),"-") -> - | AJ2: =IFERROR(AVERAGEIFS(전체!AI2:AI25,전체!A2:A25,$A2,전체!B2:B25,$B2),"-") -> - | AK2: =IFERROR(AVERAGEIFS(전체!AJ2:AJ25,전체!A2:A25,$A2,전체!B2:B25,$B2),"-") -> - | AL2: =IFERROR(AVERAGEIFS(전체!AK2:AK25,전체!A2:A25,$A2,전체!B2:B25,$B2),"-") -> - | AM2: =IFERROR(AVERAGEIFS(전체!AL2:AL25,전체!A2:A25,$A2,전체!B2:B25,$B2),"-") -> - | AN2: =IFERROR(AVERAGEIFS(전체!AM2:AM25,전체!A2:A25,$A2,전체!B2:B25,$B2),"-") -> - | AO2: =IFERROR(AVERAGEIFS(전체!AN2:AN25,전체!A2:A25,$A2,전체!B2:B25,$B2),"-") -> 9.6109533 | AP2: =IFERROR(AVERAGEIFS(전체!AO2:AO25,전체!A2:A25,$A2,전체!B2:B25,$B2),"-") -> - | AQ2: =IFERROR(AVERAGEIFS(전체!AP2:AP25,전체!A2:A25,$A2,전체!B2:B25,$B2),"-") -> - | AR2: =IFERROR(AVERAGEIFS(전체!AQ2:AQ25,전체!A2:A25,$A2,전체!B2:B25,$B2),"-") -> 5.1481267 | AS2: =IFERROR(AVERAGEIFS(전체!AR2:AR25,전체!A2:A25,$A2,전체!B2:B25,$B2),"-") -> - | AT2: =IFERROR(AVERAGEIFS(전체!AS2:AS25,전체!A2:A25,$A2,전체!B2:B25,$B2),"-") -> - | AU2: =IFERROR(AVERAGEIFS(전체!AT2:AT25,전체!A2:A25,$A2,전체!B2:B25,$B2),"-") -> 0.0098100133 | AV2: =IFERROR(AVERAGEIFS(전체!AU2:AU25,전체!A2:A25,$A2,전체!B2:B25,$B2),"-") -> - | AW2: =IFERROR(AVERAGEIFS(전체!AV2:AV25,전체!A2:A25,$A2,전체!B2:B25,$B2),"-") -> - | AX2: =IFERROR(AVERAGEIFS(전체!AW2:AW25,전체!A2:A25,$A2,전체!B2:B25,$B2),"-") -> 157.73967 | AY2: =IFERROR(AVERAGEIFS(전체!AX2:AX25,전체!A2:A25,$A2,전체!B2:B25,$B2),"-") -> - | AZ2: =IFERROR(AVERAGEIFS(전체!AY2:AY25,전체!A2:A25,$A2,전체!B2:B25,$B2),"-") -> -
A3: NPU | B3: det+seg | C3: =COUNTIFS(전체!A2:A25,$A3,전체!B2:B25,$B3) -> 3 | D3: =IFERROR(AVERAGEIFS(전체!C2:C25,전체!A2:A25,$A3,전체!B2:B25,$B3),"-") -> 6 | E3: =IFERROR(AVERAGEIFS(전체!D2:D25,전체!A2:A25,$A3,전체!B2:B25,$B3),"-") -> 1 | F3: =IFERROR(AVERAGEIFS(전체!E2:E25,전체!A2:A25,$A3,전체!B2:B25,$B3),"-") -> 1 | G3: =IFERROR(AVERAGEIFS(전체!F2:F25,전체!A2:A25,$A3,전체!B2:B25,$B3),"-") -> 0 | H3: =IFERROR(AVERAGEIFS(전체!G2:G25,전체!A2:A25,$A3,전체!B2:B25,$B3),"-") -> 1 | I3: =IFERROR(AVERAGEIFS(전체!H2:H25,전체!A2:A25,$A3,전체!B2:B25,$B3),"-") -> 1 | J3: =IFERROR(AVERAGEIFS(전체!I2:I25,전체!A2:A25,$A3,전체!B2:B25,$B3),"-") -> 1 | K3: =IFERROR(AVERAGEIFS(전체!J2:J25,전체!A2:A25,$A3,전체!B2:B25,$B3),"-") -> 1 | L3: =IFERROR(AVERAGEIFS(전체!K2:K25,전체!A2:A25,$A3,전체!B2:B25,$B3),"-") -> 1 | M3: =IFERROR(AVERAGEIFS(전체!L2:L25,전체!A2:A25,$A3,전체!B2:B25,$B3),"-") -> 1 | N3: =IFERROR(AVERAGEIFS(전체!M2:M25,전체!A2:A25,$A3,전체!B2:B25,$B3),"-") -> 0 | O3: =IFERROR(AVERAGEIFS(전체!N2:N25,전체!A2:A25,$A3,전체!B2:B25,$B3),"-") -> 0 | P3: =IFERROR(AVERAGEIFS(전체!O2:O25,전체!A2:A25,$A3,전체!B2:B25,$B3),"-") -> 0 | Q3: =IFERROR(AVERAGEIFS(전체!P2:P25,전체!A2:A25,$A3,전체!B2:B25,$B3),"-") -> 0 | R3: =IFERROR(AVERAGEIFS(전체!Q2:Q25,전체!A2:A25,$A3,전체!B2:B25,$B3),"-") -> 531.85867 | S3: =IFERROR(AVERAGEIFS(전체!R2:R25,전체!A2:A25,$A3,전체!B2:B25,$B3),"-") -> 575.832 | T3: =IFERROR(AVERAGEIFS(전체!S2:S25,전체!A2:A25,$A3,전체!B2:B25,$B3),"-") -> - | U3: =IFERROR(AVERAGEIFS(전체!T2:T25,전체!A2:A25,$A3,전체!B2:B25,$B3),"-") -> 44.970867 | V3: =IFERROR(AVERAGEIFS(전체!U2:U25,전체!A2:A25,$A3,전체!B2:B25,$B3),"-") -> 20.570467 | W3: =IFERROR(AVERAGEIFS(전체!V2:V25,전체!A2:A25,$A3,전체!B2:B25,$B3),"-") -> 8235 | X3: =IFERROR(AVERAGEIFS(전체!W2:W25,전체!A2:A25,$A3,전체!B2:B25,$B3),"-") -> 5415.3333 | Y3: =IFERROR(AVERAGEIFS(전체!X2:X25,전체!A2:A25,$A3,전체!B2:B25,$B3),"-") -> - | Z3: =IFERROR(AVERAGEIFS(전체!Y2:Y25,전체!A2:A25,$A3,전체!B2:B25,$B3),"-") -> - | AA3: =IFERROR(AVERAGEIFS(전체!Z2:Z25,전체!A2:A25,$A3,전체!B2:B25,$B3),"-") -> - | AB3: =IFERROR(AVERAGEIFS(전체!AA2:AA25,전체!A2:A25,$A3,전체!B2:B25,$B3),"-") -> 39.7029 | AC3: =IFERROR(AVERAGEIFS(전체!AB2:AB25,전체!A2:A25,$A3,전체!B2:B25,$B3),"-") -> - | AD3: =IFERROR(AVERAGEIFS(전체!AC2:AC25,전체!A2:A25,$A3,전체!B2:B25,$B3),"-") -> - | AE3: =IFERROR(AVERAGEIFS(전체!AD2:AD25,전체!A2:A25,$A3,전체!B2:B25,$B3),"-") -> - | AF3: =IFERROR(AVERAGEIFS(전체!AE2:AE25,전체!A2:A25,$A3,전체!B2:B25,$B3),"-") -> - | AG3: =IFERROR(AVERAGEIFS(전체!AF2:AF25,전체!A2:A25,$A3,전체!B2:B25,$B3),"-") -> - | AH3: =IFERROR(AVERAGEIFS(전체!AG2:AG25,전체!A2:A25,$A3,전체!B2:B25,$B3),"-") -> - | AI3: =IFERROR(AVERAGEIFS(전체!AH2:AH25,전체!A2:A25,$A3,전체!B2:B25,$B3),"-") -> - | AJ3: =IFERROR(AVERAGEIFS(전체!AI2:AI25,전체!A2:A25,$A3,전체!B2:B25,$B3),"-") -> - | AK3: =IFERROR(AVERAGEIFS(전체!AJ2:AJ25,전체!A2:A25,$A3,전체!B2:B25,$B3),"-") -> - | AL3: =IFERROR(AVERAGEIFS(전체!AK2:AK25,전체!A2:A25,$A3,전체!B2:B25,$B3),"-") -> - | AM3: =IFERROR(AVERAGEIFS(전체!AL2:AL25,전체!A2:A25,$A3,전체!B2:B25,$B3),"-") -> - | AN3: =IFERROR(AVERAGEIFS(전체!AM2:AM25,전체!A2:A25,$A3,전체!B2:B25,$B3),"-") -> - | AO3: =IFERROR(AVERAGEIFS(전체!AN2:AN25,전체!A2:A25,$A3,전체!B2:B25,$B3),"-") -> 39.520467 | AP3: =IFERROR(AVERAGEIFS(전체!AO2:AO25,전체!A2:A25,$A3,전체!B2:B25,$B3),"-") -> 39.531133 | AQ3: =IFERROR(AVERAGEIFS(전체!AP2:AP25,전체!A2:A25,$A3,전체!B2:B25,$B3),"-") -> - | AR3: =IFERROR(AVERAGEIFS(전체!AQ2:AQ25,전체!A2:A25,$A3,전체!B2:B25,$B3),"-") -> 5.74093 | AS3: =IFERROR(AVERAGEIFS(전체!AR2:AR25,전체!A2:A25,$A3,전체!B2:B25,$B3),"-") -> 5.2272767 | AT3: =IFERROR(AVERAGEIFS(전체!AS2:AS25,전체!A2:A25,$A3,전체!B2:B25,$B3),"-") -> - | AU3: =IFERROR(AVERAGEIFS(전체!AT2:AT25,전체!A2:A25,$A3,전체!B2:B25,$B3),"-") -> 0.0114279 | AV3: =IFERROR(AVERAGEIFS(전체!AU2:AU25,전체!A2:A25,$A3,전체!B2:B25,$B3),"-") -> 37.1752 | AW3: =IFERROR(AVERAGEIFS(전체!AV2:AV25,전체!A2:A25,$A3,전체!B2:B25,$B3),"-") -> - | AX3: =IFERROR(AVERAGEIFS(전체!AW2:AW25,전체!A2:A25,$A3,전체!B2:B25,$B3),"-") -> 537.611 | AY3: =IFERROR(AVERAGEIFS(전체!AX2:AX25,전체!A2:A25,$A3,전체!B2:B25,$B3),"-") -> 618.23433 | AZ3: =IFERROR(AVERAGEIFS(전체!AY2:AY25,전체!A2:A25,$A3,전체!B2:B25,$B3),"-") -> -
A4: NPU | B4: det+pose | C4: =COUNTIFS(전체!A2:A25,$A4,전체!B2:B25,$B4) -> 3 | D4: =IFERROR(AVERAGEIFS(전체!C2:C25,전체!A2:A25,$A4,전체!B2:B25,$B4),"-") -> 9 | E4: =IFERROR(AVERAGEIFS(전체!D2:D25,전체!A2:A25,$A4,전체!B2:B25,$B4),"-") -> 1 | F4: =IFERROR(AVERAGEIFS(전체!E2:E25,전체!A2:A25,$A4,전체!B2:B25,$B4),"-") -> 0 | G4: =IFERROR(AVERAGEIFS(전체!F2:F25,전체!A2:A25,$A4,전체!B2:B25,$B4),"-") -> 1 | H4: =IFERROR(AVERAGEIFS(전체!G2:G25,전체!A2:A25,$A4,전체!B2:B25,$B4),"-") -> 1 | I4: =IFERROR(AVERAGEIFS(전체!H2:H25,전체!A2:A25,$A4,전체!B2:B25,$B4),"-") -> 1 | J4: =IFERROR(AVERAGEIFS(전체!I2:I25,전체!A2:A25,$A4,전체!B2:B25,$B4),"-") -> 1 | K4: =IFERROR(AVERAGEIFS(전체!J2:J25,전체!A2:A25,$A4,전체!B2:B25,$B4),"-") -> 1 | L4: =IFERROR(AVERAGEIFS(전체!K2:K25,전체!A2:A25,$A4,전체!B2:B25,$B4),"-") -> 1 | M4: =IFERROR(AVERAGEIFS(전체!L2:L25,전체!A2:A25,$A4,전체!B2:B25,$B4),"-") -> 1 | N4: =IFERROR(AVERAGEIFS(전체!M2:M25,전체!A2:A25,$A4,전체!B2:B25,$B4),"-") -> 0 | O4: =IFERROR(AVERAGEIFS(전체!N2:N25,전체!A2:A25,$A4,전체!B2:B25,$B4),"-") -> 0 | P4: =IFERROR(AVERAGEIFS(전체!O2:O25,전체!A2:A25,$A4,전체!B2:B25,$B4),"-") -> 0 | Q4: =IFERROR(AVERAGEIFS(전체!P2:P25,전체!A2:A25,$A4,전체!B2:B25,$B4),"-") -> 0 | R4: =IFERROR(AVERAGEIFS(전체!Q2:Q25,전체!A2:A25,$A4,전체!B2:B25,$B4),"-") -> 480.71933 | S4: =IFERROR(AVERAGEIFS(전체!R2:R25,전체!A2:A25,$A4,전체!B2:B25,$B4),"-") -> - | T4: =IFERROR(AVERAGEIFS(전체!S2:S25,전체!A2:A25,$A4,전체!B2:B25,$B4),"-") -> 473.861 | U4: =IFERROR(AVERAGEIFS(전체!T2:T25,전체!A2:A25,$A4,전체!B2:B25,$B4),"-") -> 30.7054 | V4: =IFERROR(AVERAGEIFS(전체!U2:U25,전체!A2:A25,$A4,전체!B2:B25,$B4),"-") -> 20.1269 | W4: =IFERROR(AVERAGEIFS(전체!V2:V25,전체!A2:A25,$A4,전체!B2:B25,$B4),"-") -> 7344.3333 | X4: =IFERROR(AVERAGEIFS(전체!W2:W25,전체!A2:A25,$A4,전체!B2:B25,$B4),"-") -> 5146 | Y4: =IFERROR(AVERAGEIFS(전체!X2:X25,전체!A2:A25,$A4,전체!B2:B25,$B4),"-") -> - | Z4: =IFERROR(AVERAGEIFS(전체!Y2:Y25,전체!A2:A25,$A4,전체!B2:B25,$B4),"-") -> - | AA4: =IFERROR(AVERAGEIFS(전체!Z2:Z25,전체!A2:A25,$A4,전체!B2:B25,$B4),"-") -> - | AB4: =IFERROR(AVERAGEIFS(전체!AA2:AA25,전체!A2:A25,$A4,전체!B2:B25,$B4),"-") -> 35.627867 | AC4: =IFERROR(AVERAGEIFS(전체!AB2:AB25,전체!A2:A25,$A4,전체!B2:B25,$B4),"-") -> - | AD4: =IFERROR(AVERAGEIFS(전체!AC2:AC25,전체!A2:A25,$A4,전체!B2:B25,$B4),"-") -> - | AE4: =IFERROR(AVERAGEIFS(전체!AD2:AD25,전체!A2:A25,$A4,전체!B2:B25,$B4),"-") -> - | AF4: =IFERROR(AVERAGEIFS(전체!AE2:AE25,전체!A2:A25,$A4,전체!B2:B25,$B4),"-") -> - | AG4: =IFERROR(AVERAGEIFS(전체!AF2:AF25,전체!A2:A25,$A4,전체!B2:B25,$B4),"-") -> - | AH4: =IFERROR(AVERAGEIFS(전체!AG2:AG25,전체!A2:A25,$A4,전체!B2:B25,$B4),"-") -> - | AI4: =IFERROR(AVERAGEIFS(전체!AH2:AH25,전체!A2:A25,$A4,전체!B2:B25,$B4),"-") -> - | AJ4: =IFERROR(AVERAGEIFS(전체!AI2:AI25,전체!A2:A25,$A4,전체!B2:B25,$B4),"-") -> - | AK4: =IFERROR(AVERAGEIFS(전체!AJ2:AJ25,전체!A2:A25,$A4,전체!B2:B25,$B4),"-") -> - | AL4: =IFERROR(AVERAGEIFS(전체!AK2:AK25,전체!A2:A25,$A4,전체!B2:B25,$B4),"-") -> - | AM4: =IFERROR(AVERAGEIFS(전체!AL2:AL25,전체!A2:A25,$A4,전체!B2:B25,$B4),"-") -> - | AN4: =IFERROR(AVERAGEIFS(전체!AM2:AM25,전체!A2:A25,$A4,전체!B2:B25,$B4),"-") -> - | AO4: =IFERROR(AVERAGEIFS(전체!AN2:AN25,전체!A2:A25,$A4,전체!B2:B25,$B4),"-") -> 35.601967 | AP4: =IFERROR(AVERAGEIFS(전체!AO2:AO25,전체!A2:A25,$A4,전체!B2:B25,$B4),"-") -> - | AQ4: =IFERROR(AVERAGEIFS(전체!AP2:AP25,전체!A2:A25,$A4,전체!B2:B25,$B4),"-") -> 35.6014 | AR4: =IFERROR(AVERAGEIFS(전체!AQ2:AQ25,전체!A2:A25,$A4,전체!B2:B25,$B4),"-") -> 4.9686267 | AS4: =IFERROR(AVERAGEIFS(전체!AR2:AR25,전체!A2:A25,$A4,전체!B2:B25,$B4),"-") -> - | AT4: =IFERROR(AVERAGEIFS(전체!AS2:AS25,전체!A2:A25,$A4,전체!B2:B25,$B4),"-") -> 5.8018167 | AU4: =IFERROR(AVERAGEIFS(전체!AT2:AT25,전체!A2:A25,$A4,전체!B2:B25,$B4),"-") -> 0.0091541267 | AV4: =IFERROR(AVERAGEIFS(전체!AU2:AU25,전체!A2:A25,$A4,전체!B2:B25,$B4),"-") -> - | AW4: =IFERROR(AVERAGEIFS(전체!AV2:AV25,전체!A2:A25,$A4,전체!B2:B25,$B4),"-") -> 0.15769933 | AX4: =IFERROR(AVERAGEIFS(전체!AW2:AW25,전체!A2:A25,$A4,전체!B2:B25,$B4),"-") -> 485.697 | AY4: =IFERROR(AVERAGEIFS(전체!AX2:AX25,전체!A2:A25,$A4,전체!B2:B25,$B4),"-") -> - | AZ4: =IFERROR(AVERAGEIFS(전체!AY2:AY25,전체!A2:A25,$A4,전체!B2:B25,$B4),"-") -> 479.82067
A5: NPU | B5: det+seg+pose | C5: =COUNTIFS(전체!A2:A25,$A5,전체!B2:B25,$B5) -> 3 | D5: =IFERROR(AVERAGEIFS(전체!C2:C25,전체!A2:A25,$A5,전체!B2:B25,$B5),"-") -> 4.3333333 | E5: =IFERROR(AVERAGEIFS(전체!D2:D25,전체!A2:A25,$A5,전체!B2:B25,$B5),"-") -> 1 | F5: =IFERROR(AVERAGEIFS(전체!E2:E25,전체!A2:A25,$A5,전체!B2:B25,$B5),"-") -> 1 | G5: =IFERROR(AVERAGEIFS(전체!F2:F25,전체!A2:A25,$A5,전체!B2:B25,$B5),"-") -> 1 | H5: =IFERROR(AVERAGEIFS(전체!G2:G25,전체!A2:A25,$A5,전체!B2:B25,$B5),"-") -> 1 | I5: =IFERROR(AVERAGEIFS(전체!H2:H25,전체!A2:A25,$A5,전체!B2:B25,$B5),"-") -> 1 | J5: =IFERROR(AVERAGEIFS(전체!I2:I25,전체!A2:A25,$A5,전체!B2:B25,$B5),"-") -> 1 | K5: =IFERROR(AVERAGEIFS(전체!J2:J25,전체!A2:A25,$A5,전체!B2:B25,$B5),"-") -> 1 | L5: =IFERROR(AVERAGEIFS(전체!K2:K25,전체!A2:A25,$A5,전체!B2:B25,$B5),"-") -> 1 | M5: =IFERROR(AVERAGEIFS(전체!L2:L25,전체!A2:A25,$A5,전체!B2:B25,$B5),"-") -> 1 | N5: =IFERROR(AVERAGEIFS(전체!M2:M25,전체!A2:A25,$A5,전체!B2:B25,$B5),"-") -> 0 | O5: =IFERROR(AVERAGEIFS(전체!N2:N25,전체!A2:A25,$A5,전체!B2:B25,$B5),"-") -> 0 | P5: =IFERROR(AVERAGEIFS(전체!O2:O25,전체!A2:A25,$A5,전체!B2:B25,$B5),"-") -> 0 | Q5: =IFERROR(AVERAGEIFS(전체!P2:P25,전체!A2:A25,$A5,전체!B2:B25,$B5),"-") -> 0 | R5: =IFERROR(AVERAGEIFS(전체!Q2:Q25,전체!A2:A25,$A5,전체!B2:B25,$B5),"-") -> 695.46833 | S5: =IFERROR(AVERAGEIFS(전체!R2:R25,전체!A2:A25,$A5,전체!B2:B25,$B5),"-") -> 716.247 | T5: =IFERROR(AVERAGEIFS(전체!S2:S25,전체!A2:A25,$A5,전체!B2:B25,$B5),"-") -> 689.62767 | U5: =IFERROR(AVERAGEIFS(전체!T2:T25,전체!A2:A25,$A5,전체!B2:B25,$B5),"-") -> 40.158733 | V5: =IFERROR(AVERAGEIFS(전체!U2:U25,전체!A2:A25,$A5,전체!B2:B25,$B5),"-") -> 21.0762 | W5: =IFERROR(AVERAGEIFS(전체!V2:V25,전체!A2:A25,$A5,전체!B2:B25,$B5),"-") -> 14975.333 | X5: =IFERROR(AVERAGEIFS(전체!W2:W25,전체!A2:A25,$A5,전체!B2:B25,$B5),"-") -> 14178.333 | Y5: =IFERROR(AVERAGEIFS(전체!X2:X25,전체!A2:A25,$A5,전체!B2:B25,$B5),"-") -> - | Z5: =IFERROR(AVERAGEIFS(전체!Y2:Y25,전체!A2:A25,$A5,전체!B2:B25,$B5),"-") -> - | AA5: =IFERROR(AVERAGEIFS(전체!Z2:Z25,전체!A2:A25,$A5,전체!B2:B25,$B5),"-") -> - | AB5: =IFERROR(AVERAGEIFS(전체!AA2:AA25,전체!A2:A25,$A5,전체!B2:B25,$B5),"-") -> 51.9439 | AC5: =IFERROR(AVERAGEIFS(전체!AB2:AB25,전체!A2:A25,$A5,전체!B2:B25,$B5),"-") -> - | AD5: =IFERROR(AVERAGEIFS(전체!AC2:AC25,전체!A2:A25,$A5,전체!B2:B25,$B5),"-") -> - | AE5: =IFERROR(AVERAGEIFS(전체!AD2:AD25,전체!A2:A25,$A5,전체!B2:B25,$B5),"-") -> - | AF5: =IFERROR(AVERAGEIFS(전체!AE2:AE25,전체!A2:A25,$A5,전체!B2:B25,$B5),"-") -> - | AG5: =IFERROR(AVERAGEIFS(전체!AF2:AF25,전체!A2:A25,$A5,전체!B2:B25,$B5),"-") -> - | AH5: =IFERROR(AVERAGEIFS(전체!AG2:AG25,전체!A2:A25,$A5,전체!B2:B25,$B5),"-") -> - | AI5: =IFERROR(AVERAGEIFS(전체!AH2:AH25,전체!A2:A25,$A5,전체!B2:B25,$B5),"-") -> - | AJ5: =IFERROR(AVERAGEIFS(전체!AI2:AI25,전체!A2:A25,$A5,전체!B2:B25,$B5),"-") -> - | AK5: =IFERROR(AVERAGEIFS(전체!AJ2:AJ25,전체!A2:A25,$A5,전체!B2:B25,$B5),"-") -> - | AL5: =IFERROR(AVERAGEIFS(전체!AK2:AK25,전체!A2:A25,$A5,전체!B2:B25,$B5),"-") -> - | AM5: =IFERROR(AVERAGEIFS(전체!AL2:AL25,전체!A2:A25,$A5,전체!B2:B25,$B5),"-") -> - | AN5: =IFERROR(AVERAGEIFS(전체!AM2:AM25,전체!A2:A25,$A5,전체!B2:B25,$B5),"-") -> - | AO5: =IFERROR(AVERAGEIFS(전체!AN2:AN25,전체!A2:A25,$A5,전체!B2:B25,$B5),"-") -> 51.793833 | AP5: =IFERROR(AVERAGEIFS(전체!AO2:AO25,전체!A2:A25,$A5,전체!B2:B25,$B5),"-") -> 51.769067 | AQ5: =IFERROR(AVERAGEIFS(전체!AP2:AP25,전체!A2:A25,$A5,전체!B2:B25,$B5),"-") -> 51.7836 | AR5: =IFERROR(AVERAGEIFS(전체!AQ2:AQ25,전체!A2:A25,$A5,전체!B2:B25,$B5),"-") -> 5.5707967 | AS5: =IFERROR(AVERAGEIFS(전체!AR2:AR25,전체!A2:A25,$A5,전체!B2:B25,$B5),"-") -> 5.70197 | AT5: =IFERROR(AVERAGEIFS(전체!AS2:AS25,전체!A2:A25,$A5,전체!B2:B25,$B5),"-") -> 7.1019167 | AU5: =IFERROR(AVERAGEIFS(전체!AT2:AT25,전체!A2:A25,$A5,전체!B2:B25,$B5),"-") -> 0.010477733 | AV5: =IFERROR(AVERAGEIFS(전체!AU2:AU25,전체!A2:A25,$A5,전체!B2:B25,$B5),"-") -> 39.0575 | AW5: =IFERROR(AVERAGEIFS(전체!AV2:AV25,전체!A2:A25,$A5,전체!B2:B25,$B5),"-") -> 0.17394467 | AX5: =IFERROR(AVERAGEIFS(전체!AW2:AW25,전체!A2:A25,$A5,전체!B2:B25,$B5),"-") -> 701.04967 | AY5: =IFERROR(AVERAGEIFS(전체!AX2:AX25,전체!A2:A25,$A5,전체!B2:B25,$B5),"-") -> 761.00633 | AZ5: =IFERROR(AVERAGEIFS(전체!AY2:AY25,전체!A2:A25,$A5,전체!B2:B25,$B5),"-") -> 696.904
A6: CPU | B6: det | C6: =COUNTIFS(전체!A2:A25,$A6,전체!B2:B25,$B6) -> 3 | D6: =IFERROR(AVERAGEIFS(전체!C2:C25,전체!A2:A25,$A6,전체!B2:B25,$B6),"-") -> 2 | E6: =IFERROR(AVERAGEIFS(전체!D2:D25,전체!A2:A25,$A6,전체!B2:B25,$B6),"-") -> 1 | F6: =IFERROR(AVERAGEIFS(전체!E2:E25,전체!A2:A25,$A6,전체!B2:B25,$B6),"-") -> 0 | G6: =IFERROR(AVERAGEIFS(전체!F2:F25,전체!A2:A25,$A6,전체!B2:B25,$B6),"-") -> 0 | H6: =IFERROR(AVERAGEIFS(전체!G2:G25,전체!A2:A25,$A6,전체!B2:B25,$B6),"-") -> 1 | I6: =IFERROR(AVERAGEIFS(전체!H2:H25,전체!A2:A25,$A6,전체!B2:B25,$B6),"-") -> 1 | J6: =IFERROR(AVERAGEIFS(전체!I2:I25,전체!A2:A25,$A6,전체!B2:B25,$B6),"-") -> 1 | K6: =IFERROR(AVERAGEIFS(전체!J2:J25,전체!A2:A25,$A6,전체!B2:B25,$B6),"-") -> 1 | L6: =IFERROR(AVERAGEIFS(전체!K2:K25,전체!A2:A25,$A6,전체!B2:B25,$B6),"-") -> 1 | M6: =IFERROR(AVERAGEIFS(전체!L2:L25,전체!A2:A25,$A6,전체!B2:B25,$B6),"-") -> 1 | N6: =IFERROR(AVERAGEIFS(전체!M2:M25,전체!A2:A25,$A6,전체!B2:B25,$B6),"-") -> 0 | O6: =IFERROR(AVERAGEIFS(전체!N2:N25,전체!A2:A25,$A6,전체!B2:B25,$B6),"-") -> 0 | P6: =IFERROR(AVERAGEIFS(전체!O2:O25,전체!A2:A25,$A6,전체!B2:B25,$B6),"-") -> 0 | Q6: =IFERROR(AVERAGEIFS(전체!P2:P25,전체!A2:A25,$A6,전체!B2:B25,$B6),"-") -> 0 | R6: =IFERROR(AVERAGEIFS(전체!Q2:Q25,전체!A2:A25,$A6,전체!B2:B25,$B6),"-") -> 4.6199333 | S6: =IFERROR(AVERAGEIFS(전체!R2:R25,전체!A2:A25,$A6,전체!B2:B25,$B6),"-") -> - | T6: =IFERROR(AVERAGEIFS(전체!S2:S25,전체!A2:A25,$A6,전체!B2:B25,$B6),"-") -> - | U6: =IFERROR(AVERAGEIFS(전체!T2:T25,전체!A2:A25,$A6,전체!B2:B25,$B6),"-") -> 55.898467 | V6: =IFERROR(AVERAGEIFS(전체!U2:U25,전체!A2:A25,$A6,전체!B2:B25,$B6),"-") -> 12.137433 | W6: =IFERROR(AVERAGEIFS(전체!V2:V25,전체!A2:A25,$A6,전체!B2:B25,$B6),"-") -> 1015.3333 | X6: =IFERROR(AVERAGEIFS(전체!W2:W25,전체!A2:A25,$A6,전체!B2:B25,$B6),"-") -> 88.666667 | Y6: =IFERROR(AVERAGEIFS(전체!X2:X25,전체!A2:A25,$A6,전체!B2:B25,$B6),"-") -> - | Z6: =IFERROR(AVERAGEIFS(전체!Y2:Y25,전체!A2:A25,$A6,전체!B2:B25,$B6),"-") -> - | AA6: =IFERROR(AVERAGEIFS(전체!Z2:Z25,전체!A2:A25,$A6,전체!B2:B25,$B6),"-") -> - | AB6: =IFERROR(AVERAGEIFS(전체!AA2:AA25,전체!A2:A25,$A6,전체!B2:B25,$B6),"-") -> 3.50533 | AC6: =IFERROR(AVERAGEIFS(전체!AB2:AB25,전체!A2:A25,$A6,전체!B2:B25,$B6),"-") -> - | AD6: =IFERROR(AVERAGEIFS(전체!AC2:AC25,전체!A2:A25,$A6,전체!B2:B25,$B6),"-") -> - | AE6: =IFERROR(AVERAGEIFS(전체!AD2:AD25,전체!A2:A25,$A6,전체!B2:B25,$B6),"-") -> - | AF6: =IFERROR(AVERAGEIFS(전체!AE2:AE25,전체!A2:A25,$A6,전체!B2:B25,$B6),"-") -> - | AG6: =IFERROR(AVERAGEIFS(전체!AF2:AF25,전체!A2:A25,$A6,전체!B2:B25,$B6),"-") -> - | AH6: =IFERROR(AVERAGEIFS(전체!AG2:AG25,전체!A2:A25,$A6,전체!B2:B25,$B6),"-") -> - | AI6: =IFERROR(AVERAGEIFS(전체!AH2:AH25,전체!A2:A25,$A6,전체!B2:B25,$B6),"-") -> - | AJ6: =IFERROR(AVERAGEIFS(전체!AI2:AI25,전체!A2:A25,$A6,전체!B2:B25,$B6),"-") -> - | AK6: =IFERROR(AVERAGEIFS(전체!AJ2:AJ25,전체!A2:A25,$A6,전체!B2:B25,$B6),"-") -> - | AL6: =IFERROR(AVERAGEIFS(전체!AK2:AK25,전체!A2:A25,$A6,전체!B2:B25,$B6),"-") -> - | AM6: =IFERROR(AVERAGEIFS(전체!AL2:AL25,전체!A2:A25,$A6,전체!B2:B25,$B6),"-") -> - | AN6: =IFERROR(AVERAGEIFS(전체!AM2:AM25,전체!A2:A25,$A6,전체!B2:B25,$B6),"-") -> - | AO6: =IFERROR(AVERAGEIFS(전체!AN2:AN25,전체!A2:A25,$A6,전체!B2:B25,$B6),"-") -> 3.4933133 | AP6: =IFERROR(AVERAGEIFS(전체!AO2:AO25,전체!A2:A25,$A6,전체!B2:B25,$B6),"-") -> - | AQ6: =IFERROR(AVERAGEIFS(전체!AP2:AP25,전체!A2:A25,$A6,전체!B2:B25,$B6),"-") -> - | AR6: =IFERROR(AVERAGEIFS(전체!AQ2:AQ25,전체!A2:A25,$A6,전체!B2:B25,$B6),"-") -> 4.4922267 | AS6: =IFERROR(AVERAGEIFS(전체!AR2:AR25,전체!A2:A25,$A6,전체!B2:B25,$B6),"-") -> - | AT6: =IFERROR(AVERAGEIFS(전체!AS2:AS25,전체!A2:A25,$A6,전체!B2:B25,$B6),"-") -> - | AU6: =IFERROR(AVERAGEIFS(전체!AT2:AT25,전체!A2:A25,$A6,전체!B2:B25,$B6),"-") -> 0.00789122 | AV6: =IFERROR(AVERAGEIFS(전체!AU2:AU25,전체!A2:A25,$A6,전체!B2:B25,$B6),"-") -> - | AW6: =IFERROR(AVERAGEIFS(전체!AV2:AV25,전체!A2:A25,$A6,전체!B2:B25,$B6),"-") -> - | AX6: =IFERROR(AVERAGEIFS(전체!AW2:AW25,전체!A2:A25,$A6,전체!B2:B25,$B6),"-") -> 9.1200533 | AY6: =IFERROR(AVERAGEIFS(전체!AX2:AX25,전체!A2:A25,$A6,전체!B2:B25,$B6),"-") -> - | AZ6: =IFERROR(AVERAGEIFS(전체!AY2:AY25,전체!A2:A25,$A6,전체!B2:B25,$B6),"-") -> -
A7: CPU | B7: det+seg | C7: =COUNTIFS(전체!A2:A25,$A7,전체!B2:B25,$B7) -> 3 | D7: =IFERROR(AVERAGEIFS(전체!C2:C25,전체!A2:A25,$A7,전체!B2:B25,$B7),"-") -> 5 | E7: =IFERROR(AVERAGEIFS(전체!D2:D25,전체!A2:A25,$A7,전체!B2:B25,$B7),"-") -> 1 | F7: =IFERROR(AVERAGEIFS(전체!E2:E25,전체!A2:A25,$A7,전체!B2:B25,$B7),"-") -> 1 | G7: =IFERROR(AVERAGEIFS(전체!F2:F25,전체!A2:A25,$A7,전체!B2:B25,$B7),"-") -> 0 | H7: =IFERROR(AVERAGEIFS(전체!G2:G25,전체!A2:A25,$A7,전체!B2:B25,$B7),"-") -> 1 | I7: =IFERROR(AVERAGEIFS(전체!H2:H25,전체!A2:A25,$A7,전체!B2:B25,$B7),"-") -> 1 | J7: =IFERROR(AVERAGEIFS(전체!I2:I25,전체!A2:A25,$A7,전체!B2:B25,$B7),"-") -> 1 | K7: =IFERROR(AVERAGEIFS(전체!J2:J25,전체!A2:A25,$A7,전체!B2:B25,$B7),"-") -> 1 | L7: =IFERROR(AVERAGEIFS(전체!K2:K25,전체!A2:A25,$A7,전체!B2:B25,$B7),"-") -> 1 | M7: =IFERROR(AVERAGEIFS(전체!L2:L25,전체!A2:A25,$A7,전체!B2:B25,$B7),"-") -> 1 | N7: =IFERROR(AVERAGEIFS(전체!M2:M25,전체!A2:A25,$A7,전체!B2:B25,$B7),"-") -> 0 | O7: =IFERROR(AVERAGEIFS(전체!N2:N25,전체!A2:A25,$A7,전체!B2:B25,$B7),"-") -> 0 | P7: =IFERROR(AVERAGEIFS(전체!O2:O25,전체!A2:A25,$A7,전체!B2:B25,$B7),"-") -> 0 | Q7: =IFERROR(AVERAGEIFS(전체!P2:P25,전체!A2:A25,$A7,전체!B2:B25,$B7),"-") -> 0 | R7: =IFERROR(AVERAGEIFS(전체!Q2:Q25,전체!A2:A25,$A7,전체!B2:B25,$B7),"-") -> 116.37433 | S7: =IFERROR(AVERAGEIFS(전체!R2:R25,전체!A2:A25,$A7,전체!B2:B25,$B7),"-") -> 709.72133 | T7: =IFERROR(AVERAGEIFS(전체!S2:S25,전체!A2:A25,$A7,전체!B2:B25,$B7),"-") -> - | U7: =IFERROR(AVERAGEIFS(전체!T2:T25,전체!A2:A25,$A7,전체!B2:B25,$B7),"-") -> 38.9052 | V7: =IFERROR(AVERAGEIFS(전체!U2:U25,전체!A2:A25,$A7,전체!B2:B25,$B7),"-") -> 12.407 | W7: =IFERROR(AVERAGEIFS(전체!V2:V25,전체!A2:A25,$A7,전체!B2:B25,$B7),"-") -> 7959.3333 | X7: =IFERROR(AVERAGEIFS(전체!W2:W25,전체!A2:A25,$A7,전체!B2:B25,$B7),"-") -> 3981.6667 | Y7: =IFERROR(AVERAGEIFS(전체!X2:X25,전체!A2:A25,$A7,전체!B2:B25,$B7),"-") -> - | Z7: =IFERROR(AVERAGEIFS(전체!Y2:Y25,전체!A2:A25,$A7,전체!B2:B25,$B7),"-") -> - | AA7: =IFERROR(AVERAGEIFS(전체!Z2:Z25,전체!A2:A25,$A7,전체!B2:B25,$B7),"-") -> - | AB7: =IFERROR(AVERAGEIFS(전체!AA2:AA25,전체!A2:A25,$A7,전체!B2:B25,$B7),"-") -> 27.619267 | AC7: =IFERROR(AVERAGEIFS(전체!AB2:AB25,전체!A2:A25,$A7,전체!B2:B25,$B7),"-") -> - | AD7: =IFERROR(AVERAGEIFS(전체!AC2:AC25,전체!A2:A25,$A7,전체!B2:B25,$B7),"-") -> - | AE7: =IFERROR(AVERAGEIFS(전체!AD2:AD25,전체!A2:A25,$A7,전체!B2:B25,$B7),"-") -> - | AF7: =IFERROR(AVERAGEIFS(전체!AE2:AE25,전체!A2:A25,$A7,전체!B2:B25,$B7),"-") -> - | AG7: =IFERROR(AVERAGEIFS(전체!AF2:AF25,전체!A2:A25,$A7,전체!B2:B25,$B7),"-") -> - | AH7: =IFERROR(AVERAGEIFS(전체!AG2:AG25,전체!A2:A25,$A7,전체!B2:B25,$B7),"-") -> - | AI7: =IFERROR(AVERAGEIFS(전체!AH2:AH25,전체!A2:A25,$A7,전체!B2:B25,$B7),"-") -> - | AJ7: =IFERROR(AVERAGEIFS(전체!AI2:AI25,전체!A2:A25,$A7,전체!B2:B25,$B7),"-") -> - | AK7: =IFERROR(AVERAGEIFS(전체!AJ2:AJ25,전체!A2:A25,$A7,전체!B2:B25,$B7),"-") -> - | AL7: =IFERROR(AVERAGEIFS(전체!AK2:AK25,전체!A2:A25,$A7,전체!B2:B25,$B7),"-") -> - | AM7: =IFERROR(AVERAGEIFS(전체!AL2:AL25,전체!A2:A25,$A7,전체!B2:B25,$B7),"-") -> - | AN7: =IFERROR(AVERAGEIFS(전체!AM2:AM25,전체!A2:A25,$A7,전체!B2:B25,$B7),"-") -> - | AO7: =IFERROR(AVERAGEIFS(전체!AN2:AN25,전체!A2:A25,$A7,전체!B2:B25,$B7),"-") -> 9.13912 | AP7: =IFERROR(AVERAGEIFS(전체!AO2:AO25,전체!A2:A25,$A7,전체!B2:B25,$B7),"-") -> 27.448633 | AQ7: =IFERROR(AVERAGEIFS(전체!AP2:AP25,전체!A2:A25,$A7,전체!B2:B25,$B7),"-") -> - | AR7: =IFERROR(AVERAGEIFS(전체!AQ2:AQ25,전체!A2:A25,$A7,전체!B2:B25,$B7),"-") -> 5.62213 | AS7: =IFERROR(AVERAGEIFS(전체!AR2:AR25,전체!A2:A25,$A7,전체!B2:B25,$B7),"-") -> 5.6869933 | AT7: =IFERROR(AVERAGEIFS(전체!AS2:AS25,전체!A2:A25,$A7,전체!B2:B25,$B7),"-") -> - | AU7: =IFERROR(AVERAGEIFS(전체!AT2:AT25,전체!A2:A25,$A7,전체!B2:B25,$B7),"-") -> 0.012826667 | AV7: =IFERROR(AVERAGEIFS(전체!AU2:AU25,전체!A2:A25,$A7,전체!B2:B25,$B7),"-") -> 36.454133 | AW7: =IFERROR(AVERAGEIFS(전체!AV2:AV25,전체!A2:A25,$A7,전체!B2:B25,$B7),"-") -> - | AX7: =IFERROR(AVERAGEIFS(전체!AW2:AW25,전체!A2:A25,$A7,전체!B2:B25,$B7),"-") -> 122.009 | AY7: =IFERROR(AVERAGEIFS(전체!AX2:AX25,전체!A2:A25,$A7,전체!B2:B25,$B7),"-") -> 751.86233 | AZ7: =IFERROR(AVERAGEIFS(전체!AY2:AY25,전체!A2:A25,$A7,전체!B2:B25,$B7),"-") -> -
A8: CPU | B8: det+pose | C8: =COUNTIFS(전체!A2:A25,$A8,전체!B2:B25,$B8) -> 3 | D8: =IFERROR(AVERAGEIFS(전체!C2:C25,전체!A2:A25,$A8,전체!B2:B25,$B8),"-") -> 8 | E8: =IFERROR(AVERAGEIFS(전체!D2:D25,전체!A2:A25,$A8,전체!B2:B25,$B8),"-") -> 1 | F8: =IFERROR(AVERAGEIFS(전체!E2:E25,전체!A2:A25,$A8,전체!B2:B25,$B8),"-") -> 0 | G8: =IFERROR(AVERAGEIFS(전체!F2:F25,전체!A2:A25,$A8,전체!B2:B25,$B8),"-") -> 1 | H8: =IFERROR(AVERAGEIFS(전체!G2:G25,전체!A2:A25,$A8,전체!B2:B25,$B8),"-") -> 1 | I8: =IFERROR(AVERAGEIFS(전체!H2:H25,전체!A2:A25,$A8,전체!B2:B25,$B8),"-") -> 1 | J8: =IFERROR(AVERAGEIFS(전체!I2:I25,전체!A2:A25,$A8,전체!B2:B25,$B8),"-") -> 1 | K8: =IFERROR(AVERAGEIFS(전체!J2:J25,전체!A2:A25,$A8,전체!B2:B25,$B8),"-") -> 1 | L8: =IFERROR(AVERAGEIFS(전체!K2:K25,전체!A2:A25,$A8,전체!B2:B25,$B8),"-") -> 1 | M8: =IFERROR(AVERAGEIFS(전체!L2:L25,전체!A2:A25,$A8,전체!B2:B25,$B8),"-") -> 1 | N8: =IFERROR(AVERAGEIFS(전체!M2:M25,전체!A2:A25,$A8,전체!B2:B25,$B8),"-") -> 0 | O8: =IFERROR(AVERAGEIFS(전체!N2:N25,전체!A2:A25,$A8,전체!B2:B25,$B8),"-") -> 0 | P8: =IFERROR(AVERAGEIFS(전체!O2:O25,전체!A2:A25,$A8,전체!B2:B25,$B8),"-") -> 0 | Q8: =IFERROR(AVERAGEIFS(전체!P2:P25,전체!A2:A25,$A8,전체!B2:B25,$B8),"-") -> 0 | R8: =IFERROR(AVERAGEIFS(전체!Q2:Q25,전체!A2:A25,$A8,전체!B2:B25,$B8),"-") -> 316.38533 | S8: =IFERROR(AVERAGEIFS(전체!R2:R25,전체!A2:A25,$A8,전체!B2:B25,$B8),"-") -> - | T8: =IFERROR(AVERAGEIFS(전체!S2:S25,전체!A2:A25,$A8,전체!B2:B25,$B8),"-") -> 261.661 | U8: =IFERROR(AVERAGEIFS(전체!T2:T25,전체!A2:A25,$A8,전체!B2:B25,$B8),"-") -> 23.7514 | V8: =IFERROR(AVERAGEIFS(전체!U2:U25,전체!A2:A25,$A8,전체!B2:B25,$B8),"-") -> 11.620267 | W8: =IFERROR(AVERAGEIFS(전체!V2:V25,전체!A2:A25,$A8,전체!B2:B25,$B8),"-") -> 7586 | X8: =IFERROR(AVERAGEIFS(전체!W2:W25,전체!A2:A25,$A8,전체!B2:B25,$B8),"-") -> 3125 | Y8: =IFERROR(AVERAGEIFS(전체!X2:X25,전체!A2:A25,$A8,전체!B2:B25,$B8),"-") -> - | Z8: =IFERROR(AVERAGEIFS(전체!Y2:Y25,전체!A2:A25,$A8,전체!B2:B25,$B8),"-") -> - | AA8: =IFERROR(AVERAGEIFS(전체!Z2:Z25,전체!A2:A25,$A8,전체!B2:B25,$B8),"-") -> - | AB8: =IFERROR(AVERAGEIFS(전체!AA2:AA25,전체!A2:A25,$A8,전체!B2:B25,$B8),"-") -> 19.6799 | AC8: =IFERROR(AVERAGEIFS(전체!AB2:AB25,전체!A2:A25,$A8,전체!B2:B25,$B8),"-") -> - | AD8: =IFERROR(AVERAGEIFS(전체!AC2:AC25,전체!A2:A25,$A8,전체!B2:B25,$B8),"-") -> - | AE8: =IFERROR(AVERAGEIFS(전체!AD2:AD25,전체!A2:A25,$A8,전체!B2:B25,$B8),"-") -> - | AF8: =IFERROR(AVERAGEIFS(전체!AE2:AE25,전체!A2:A25,$A8,전체!B2:B25,$B8),"-") -> - | AG8: =IFERROR(AVERAGEIFS(전체!AF2:AF25,전체!A2:A25,$A8,전체!B2:B25,$B8),"-") -> - | AH8: =IFERROR(AVERAGEIFS(전체!AG2:AG25,전체!A2:A25,$A8,전체!B2:B25,$B8),"-") -> - | AI8: =IFERROR(AVERAGEIFS(전체!AH2:AH25,전체!A2:A25,$A8,전체!B2:B25,$B8),"-") -> - | AJ8: =IFERROR(AVERAGEIFS(전체!AI2:AI25,전체!A2:A25,$A8,전체!B2:B25,$B8),"-") -> - | AK8: =IFERROR(AVERAGEIFS(전체!AJ2:AJ25,전체!A2:A25,$A8,전체!B2:B25,$B8),"-") -> - | AL8: =IFERROR(AVERAGEIFS(전체!AK2:AK25,전체!A2:A25,$A8,전체!B2:B25,$B8),"-") -> - | AM8: =IFERROR(AVERAGEIFS(전체!AL2:AL25,전체!A2:A25,$A8,전체!B2:B25,$B8),"-") -> - | AN8: =IFERROR(AVERAGEIFS(전체!AM2:AM25,전체!A2:A25,$A8,전체!B2:B25,$B8),"-") -> - | AO8: =IFERROR(AVERAGEIFS(전체!AN2:AN25,전체!A2:A25,$A8,전체!B2:B25,$B8),"-") -> 19.666 | AP8: =IFERROR(AVERAGEIFS(전체!AO2:AO25,전체!A2:A25,$A8,전체!B2:B25,$B8),"-") -> - | AQ8: =IFERROR(AVERAGEIFS(전체!AP2:AP25,전체!A2:A25,$A8,전체!B2:B25,$B8),"-") -> 19.655167 | AR8: =IFERROR(AVERAGEIFS(전체!AQ2:AQ25,전체!A2:A25,$A8,전체!B2:B25,$B8),"-") -> 5.0659767 | AS8: =IFERROR(AVERAGEIFS(전체!AR2:AR25,전체!A2:A25,$A8,전체!B2:B25,$B8),"-") -> - | AT8: =IFERROR(AVERAGEIFS(전체!AS2:AS25,전체!A2:A25,$A8,전체!B2:B25,$B8),"-") -> 5.8300767 | AU8: =IFERROR(AVERAGEIFS(전체!AT2:AT25,전체!A2:A25,$A8,전체!B2:B25,$B8),"-") -> 0.00758722 | AV8: =IFERROR(AVERAGEIFS(전체!AU2:AU25,전체!A2:A25,$A8,전체!B2:B25,$B8),"-") -> - | AW8: =IFERROR(AVERAGEIFS(전체!AV2:AV25,전체!A2:A25,$A8,전체!B2:B25,$B8),"-") -> 0.15830467 | AX8: =IFERROR(AVERAGEIFS(전체!AW2:AW25,전체!A2:A25,$A8,전체!B2:B25,$B8),"-") -> 321.45867 | AY8: =IFERROR(AVERAGEIFS(전체!AX2:AX25,전체!A2:A25,$A8,전체!B2:B25,$B8),"-") -> - | AZ8: =IFERROR(AVERAGEIFS(전체!AY2:AY25,전체!A2:A25,$A8,전체!B2:B25,$B8),"-") -> 267.64967
A9: CPU | B9: det+seg+pose | C9: =COUNTIFS(전체!A2:A25,$A9,전체!B2:B25,$B9) -> 3 | D9: =IFERROR(AVERAGEIFS(전체!C2:C25,전체!A2:A25,$A9,전체!B2:B25,$B9),"-") -> 11 | E9: =IFERROR(AVERAGEIFS(전체!D2:D25,전체!A2:A25,$A9,전체!B2:B25,$B9),"-") -> 1 | F9: =IFERROR(AVERAGEIFS(전체!E2:E25,전체!A2:A25,$A9,전체!B2:B25,$B9),"-") -> 1 | G9: =IFERROR(AVERAGEIFS(전체!F2:F25,전체!A2:A25,$A9,전체!B2:B25,$B9),"-") -> 1 | H9: =IFERROR(AVERAGEIFS(전체!G2:G25,전체!A2:A25,$A9,전체!B2:B25,$B9),"-") -> 1 | I9: =IFERROR(AVERAGEIFS(전체!H2:H25,전체!A2:A25,$A9,전체!B2:B25,$B9),"-") -> 1 | J9: =IFERROR(AVERAGEIFS(전체!I2:I25,전체!A2:A25,$A9,전체!B2:B25,$B9),"-") -> 1 | K9: =IFERROR(AVERAGEIFS(전체!J2:J25,전체!A2:A25,$A9,전체!B2:B25,$B9),"-") -> 1 | L9: =IFERROR(AVERAGEIFS(전체!K2:K25,전체!A2:A25,$A9,전체!B2:B25,$B9),"-") -> 1 | M9: =IFERROR(AVERAGEIFS(전체!L2:L25,전체!A2:A25,$A9,전체!B2:B25,$B9),"-") -> 1 | N9: =IFERROR(AVERAGEIFS(전체!M2:M25,전체!A2:A25,$A9,전체!B2:B25,$B9),"-") -> 0 | O9: =IFERROR(AVERAGEIFS(전체!N2:N25,전체!A2:A25,$A9,전체!B2:B25,$B9),"-") -> 0 | P9: =IFERROR(AVERAGEIFS(전체!O2:O25,전체!A2:A25,$A9,전체!B2:B25,$B9),"-") -> 0 | Q9: =IFERROR(AVERAGEIFS(전체!P2:P25,전체!A2:A25,$A9,전체!B2:B25,$B9),"-") -> 0 | R9: =IFERROR(AVERAGEIFS(전체!Q2:Q25,전체!A2:A25,$A9,전체!B2:B25,$B9),"-") -> 556.57733 | S9: =IFERROR(AVERAGEIFS(전체!R2:R25,전체!A2:A25,$A9,전체!B2:B25,$B9),"-") -> 543.271 | T9: =IFERROR(AVERAGEIFS(전체!S2:S25,전체!A2:A25,$A9,전체!B2:B25,$B9),"-") -> 458.90167 | U9: =IFERROR(AVERAGEIFS(전체!T2:T25,전체!A2:A25,$A9,전체!B2:B25,$B9),"-") -> 39.930633 | V9: =IFERROR(AVERAGEIFS(전체!U2:U25,전체!A2:A25,$A9,전체!B2:B25,$B9),"-") -> 12.845933 | W9: =IFERROR(AVERAGEIFS(전체!V2:V25,전체!A2:A25,$A9,전체!B2:B25,$B9),"-") -> 14568.333 | X9: =IFERROR(AVERAGEIFS(전체!W2:W25,전체!A2:A25,$A9,전체!B2:B25,$B9),"-") -> 9484.3333 | Y9: =IFERROR(AVERAGEIFS(전체!X2:X25,전체!A2:A25,$A9,전체!B2:B25,$B9),"-") -> - | Z9: =IFERROR(AVERAGEIFS(전체!Y2:Y25,전체!A2:A25,$A9,전체!B2:B25,$B9),"-") -> - | AA9: =IFERROR(AVERAGEIFS(전체!Z2:Z25,전체!A2:A25,$A9,전체!B2:B25,$B9),"-") -> - | AB9: =IFERROR(AVERAGEIFS(전체!AA2:AA25,전체!A2:A25,$A9,전체!B2:B25,$B9),"-") -> 34.788233 | AC9: =IFERROR(AVERAGEIFS(전체!AB2:AB25,전체!A2:A25,$A9,전체!B2:B25,$B9),"-") -> - | AD9: =IFERROR(AVERAGEIFS(전체!AC2:AC25,전체!A2:A25,$A9,전체!B2:B25,$B9),"-") -> - | AE9: =IFERROR(AVERAGEIFS(전체!AD2:AD25,전체!A2:A25,$A9,전체!B2:B25,$B9),"-") -> - | AF9: =IFERROR(AVERAGEIFS(전체!AE2:AE25,전체!A2:A25,$A9,전체!B2:B25,$B9),"-") -> - | AG9: =IFERROR(AVERAGEIFS(전체!AF2:AF25,전체!A2:A25,$A9,전체!B2:B25,$B9),"-") -> - | AH9: =IFERROR(AVERAGEIFS(전체!AG2:AG25,전체!A2:A25,$A9,전체!B2:B25,$B9),"-") -> - | AI9: =IFERROR(AVERAGEIFS(전체!AH2:AH25,전체!A2:A25,$A9,전체!B2:B25,$B9),"-") -> - | AJ9: =IFERROR(AVERAGEIFS(전체!AI2:AI25,전체!A2:A25,$A9,전체!B2:B25,$B9),"-") -> - | AK9: =IFERROR(AVERAGEIFS(전체!AJ2:AJ25,전체!A2:A25,$A9,전체!B2:B25,$B9),"-") -> - | AL9: =IFERROR(AVERAGEIFS(전체!AK2:AK25,전체!A2:A25,$A9,전체!B2:B25,$B9),"-") -> - | AM9: =IFERROR(AVERAGEIFS(전체!AL2:AL25,전체!A2:A25,$A9,전체!B2:B25,$B9),"-") -> - | AN9: =IFERROR(AVERAGEIFS(전체!AM2:AM25,전체!A2:A25,$A9,전체!B2:B25,$B9),"-") -> - | AO9: =IFERROR(AVERAGEIFS(전체!AN2:AN25,전체!A2:A25,$A9,전체!B2:B25,$B9),"-") -> 34.508467 | AP9: =IFERROR(AVERAGEIFS(전체!AO2:AO25,전체!A2:A25,$A9,전체!B2:B25,$B9),"-") -> 34.611867 | AQ9: =IFERROR(AVERAGEIFS(전체!AP2:AP25,전체!A2:A25,$A9,전체!B2:B25,$B9),"-") -> 34.4985 | AR9: =IFERROR(AVERAGEIFS(전체!AQ2:AQ25,전체!A2:A25,$A9,전체!B2:B25,$B9),"-") -> 5.8999233 | AS9: =IFERROR(AVERAGEIFS(전체!AR2:AR25,전체!A2:A25,$A9,전체!B2:B25,$B9),"-") -> 5.5726533 | AT9: =IFERROR(AVERAGEIFS(전체!AS2:AS25,전체!A2:A25,$A9,전체!B2:B25,$B9),"-") -> 6.8655333 | AU9: =IFERROR(AVERAGEIFS(전체!AT2:AT25,전체!A2:A25,$A9,전체!B2:B25,$B9),"-") -> 0.0094521967 | AV9: =IFERROR(AVERAGEIFS(전체!AU2:AU25,전체!A2:A25,$A9,전체!B2:B25,$B9),"-") -> 38.382467 | AW9: =IFERROR(AVERAGEIFS(전체!AV2:AV25,전체!A2:A25,$A9,전체!B2:B25,$B9),"-") -> 0.15885767 | AX9: =IFERROR(AVERAGEIFS(전체!AW2:AW25,전체!A2:A25,$A9,전체!B2:B25,$B9),"-") -> 562.48633 | AY9: =IFERROR(AVERAGEIFS(전체!AX2:AX25,전체!A2:A25,$A9,전체!B2:B25,$B9),"-") -> 587.226 | AZ9: =IFERROR(AVERAGEIFS(전체!AY2:AY25,전체!A2:A25,$A9,전체!B2:B25,$B9),"-") -> 465.926

Sheet NPU_vs_CPU_비교
A1: combo | B1: det_latency_ms (NPU) | C1: det_latency_ms (CPU) | D1: det_latency 차이(CPU 기준, %) | E1: cpu_percent (NPU) | F1: cpu_percent (CPU) | G1: cpu_percent 차이(CPU 기준, %) | H1: seg_latency_ms (NPU) | I1: seg_latency_ms (CPU) | J1: seg_latency 차이(CPU 기준, %) | K1: pose_latency_ms (NPU) | L1: pose_latency_ms (CPU) | M1: pose_latency 차이(CPU 기준, %)
A2: det | B2: =케이스별_3회평균!R2 -> 152.58133 | C2: =케이스별_3회평균!R6 -> 4.6199333 | D2: =IFERROR((C2-B2)/B2,"-") -> -0.9697215 | E2: =케이스별_3회평균!U2 -> 22.718533 | F2: =케이스별_3회평균!U6 -> 55.898467 | G2: =IFERROR((F2-E2)/E2,"-") -> 1.4604787 | H2: =케이스별_3회평균!S2 -> - | I2: =케이스별_3회평균!S6 -> - | J2: =IFERROR(IF(OR(ISTEXT(I2),ISTEXT(H2)),"-",(I2-H2)/H2),"-") -> - | K2: =케이스별_3회평균!T2 -> - | L2: =케이스별_3회평균!T6 -> - | M2: =IFERROR(IF(OR(ISTEXT(L2),ISTEXT(K2)),"-",(L2-K2)/K2),"-") -> -
A3: det+seg | B3: =케이스별_3회평균!R3 -> 531.85867 | C3: =케이스별_3회평균!R7 -> 116.37433 | D3: =IFERROR((C3-B3)/B3,"-") -> -0.78119312 | E3: =케이스별_3회평균!U3 -> 44.970867 | F3: =케이스별_3회평균!U7 -> 38.9052 | G3: =IFERROR((F3-E3)/E3,"-") -> -0.13487991 | H3: =케이스별_3회평균!S3 -> 575.832 | I3: =케이스별_3회평균!S7 -> 709.72133 | J3: =IFERROR(IF(OR(ISTEXT(I3),ISTEXT(H3)),"-",(I3-H3)/H3),"-") -> 0.23251458 | K3: =케이스별_3회평균!T3 -> - | L3: =케이스별_3회평균!T7 -> - | M3: =IFERROR(IF(OR(ISTEXT(L3),ISTEXT(K3)),"-",(L3-K3)/K3),"-") -> -
A4: det+pose | B4: =케이스별_3회평균!R4 -> 480.71933 | C4: =케이스별_3회평균!R8 -> 316.38533 | D4: =IFERROR((C4-B4)/B4,"-") -> -0.3418502 | E4: =케이스별_3회평균!U4 -> 30.7054 | F4: =케이스별_3회평균!U8 -> 23.7514 | G4: =IFERROR((F4-E4)/E4,"-") -> -0.22647482 | H4: =케이스별_3회평균!S4 -> - | I4: =케이스별_3회평균!S8 -> - | J4: =IFERROR(IF(OR(ISTEXT(I4),ISTEXT(H4)),"-",(I4-H4)/H4),"-") -> - | K4: =케이스별_3회평균!T4 -> 473.861 | L4: =케이스별_3회평균!T8 -> 261.661 | M4: =IFERROR(IF(OR(ISTEXT(L4),ISTEXT(K4)),"-",(L4-K4)/K4),"-") -> -0.44781064
A5: det+seg+pose | B5: =케이스별_3회평균!R5 -> 695.46833 | C5: =케이스별_3회평균!R9 -> 556.57733 | D5: =IFERROR((C5-B5)/B5,"-") -> -0.19970859 | E5: =케이스별_3회평균!U5 -> 40.158733 | F5: =케이스별_3회평균!U9 -> 39.930633 | G5: =IFERROR((F5-E5)/E5,"-") -> -0.00567996 | H5: =케이스별_3회평균!S5 -> 716.247 | I5: =케이스별_3회평균!S9 -> 543.271 | J5: =IFERROR(IF(OR(ISTEXT(I5),ISTEXT(H5)),"-",(I5-H5)/H5),"-") -> -0.24150328 | K5: =케이스별_3회평균!T5 -> 689.62767 | L5: =케이스별_3회평균!T9 -> 458.90167 | M5: =IFERROR(IF(OR(ISTEXT(L5),ISTEXT(K5)),"-",(L5-K5)/K5),"-") -> -0.33456604
A7: 참고:
A8: - det_latency_ms는 HailoRT vstream write→read 왕복시간(ms). NPU 조건은 NMS 연산이 neural core 컴퓨트 그래프 안에 포함돼 있어 이 시간에 NMS 비용이 그대로 반영됨.
A9: - CPU 조건은 칩 쪽은 bbox 회귀만 수행하고 NMS(최대 800개x80클래스)는 호스트에서 처리되는 것으로 추정 — det_latency는 낮지만 cpu_percent가 높게 나오는 패턴이 이를 뒷받침함(HRTT 트레이스로 재확인은 안 함).
A10: - det+seg 조합에서 Segmentation latency는 CPU 조건이 더 나쁘고(호스트 CPU 경합 추정), det+seg+pose 조합에서는 반대로 CPU 조건이 더 좋음 — 반복 3회 기준이라 확정적 결론은 아님.
A11: - 각 지표의 전체 조합·컬럼별 평균은 '케이스별_3회평균' 시트에 전체 시트의 모든 원본 컬럼 기준으로 정리돼 있음(이 시트는 그중 핵심 4개 지표만 발췌).

Sheet 차트
A1: combo | B1: det_latency_ms (NPU) | C1: det_latency_ms (CPU) | D1: cpu_percent (NPU) | E1: cpu_percent (CPU)
A2: det | B2: =NPU_vs_CPU_비교!B2 -> 152.58133 | C2: =NPU_vs_CPU_비교!C2 -> 4.6199333 | D2: =NPU_vs_CPU_비교!E2 -> 22.718533 | E2: =NPU_vs_CPU_비교!F2 -> 55.898467
A3: det+seg | B3: =NPU_vs_CPU_비교!B3 -> 531.85867 | C3: =NPU_vs_CPU_비교!C3 -> 116.37433 | D3: =NPU_vs_CPU_비교!E3 -> 44.970867 | E3: =NPU_vs_CPU_비교!F3 -> 38.9052
A4: det+pose | B4: =NPU_vs_CPU_비교!B4 -> 480.71933 | C4: =NPU_vs_CPU_비교!C4 -> 316.38533 | D4: =NPU_vs_CPU_비교!E4 -> 30.7054 | E4: =NPU_vs_CPU_비교!F4 -> 23.7514
A5: det+seg+pose | B5: =NPU_vs_CPU_비교!B5 -> 695.46833 | C5: =NPU_vs_CPU_비교!C5 -> 556.57733 | D5: =NPU_vs_CPU_비교!E5 -> 40.158733 | E5: =NPU_vs_CPU_비교!F5 -> 39.930633
